trial_number,C1,C2,W,max_iter,size,best_positions,best_total_power,state
0,2.36919454021392,2.030855691555599,0.8748325302567456,28,194,"[0. 1. 1. 0. 0. 1. 0. 1. 0. 0. 1. 0. 0. 0. 1. 1. 1. 1. 0. 0. 1. 0. 1. 1.
 1. 0. 0. 0. 0. 0. 1. 1. 1. 1. 0. 1. 1. 0. 0. 1. 1. 0. 1. 1. 0. 0. 0. 1.
 1. 0. 1. 0. 1. 1. 1. 0. 1. 1. 0. 0. 0. 1. 1. 1. 0. 0. 1. 1. 0. 1. 0. 1.
 1. 0. 1. 1. 0. 0. 1. 1. 1. 1. 1. 0. 0. 0. 0. 1. 1. 1. 1. 0. 0. 0. 1. 0.
 1. 0. 1. 1. 1. 1. 1. 0. 0. 0. 0. 1. 1. 1. 0. 1. 1. 0. 1. 1. 1. 1. 0. 0.
 0. 1. 1. 0. 1. 0. 0. 1. 0. 1. 0. 1. 0. 1. 0. 1. 0. 0. 0. 0. 1. 1. 1. 1.
 0. 1. 1. 0. 0. 0. 0. 1. 0. 1. 1. 1. 1. 1. 0. 0. 1. 1. 0. 1. 0. 0. 1. 1.
 0. 1. 1. 1. 1. 0. 1. 1. 1. 0. 0. 1. 1. 1. 0. 1. 1. 0. 1. 0. 1. 0. 0. 1.
 1. 0. 0. 0. 0. 1. 0. 0.]",-9.35652075227771,COMPLETE
1,1.9023513600373647,2.0226746713525694,0.4443750546339924,88,10,"[1. 1. 1. 0. 1. 0. 1. 1. 0. 0. 0. 0. 1. 1. 0. 1. 1. 0. 1. 0. 1. 1. 0. 0.
 1. 1. 1. 0. 0. 0. 1. 0. 1. 0. 0. 0. 1. 1. 0. 0. 0. 0. 0. 0. 0. 0. 1. 0.
 0. 1. 0. 0. 0. 0. 0. 0. 0. 1. 0. 1. 1. 1. 1. 0. 0. 0. 0. 0. 0. 1. 1. 1.
 1. 0. 1. 0. 0. 1. 0. 0. 1. 1. 0. 1. 1. 0. 0. 1. 0. 0. 1. 0. 1. 0. 0. 1.
 1. 0. 0. 1. 0. 1. 1. 1. 1. 0. 1. 1. 0. 0. 0. 0. 0. 0. 1. 0. 1. 0. 0. 1.
 1. 0. 1. 0. 1. 1. 0. 0. 0. 0. 1. 0. 0. 0. 0. 1. 1. 1. 1. 0. 0. 1. 0. 1.
 1. 0. 1. 0. 1. 1. 0. 0. 0. 1. 0. 0. 0. 1. 1. 0. 0. 1. 0. 1. 1. 1. 1. 0.
 0. 0. 0. 1. 1. 0. 1. 0. 0. 1. 0. 0. 0. 1. 0. 1. 1. 0. 0. 1. 0. 0. 0. 0.
 0. 1. 1. 1. 1. 1. 0. 0.]",-8.953626417493979,COMPLETE
2,2.260895575602929,2.2123745740820913,0.5347088140340323,170,65,"[0. 1. 1. 1. 0. 1. 0. 1. 1. 0. 0. 0. 0. 1. 0. 1. 0. 1. 0. 0. 0. 0. 0. 0.
 1. 0. 1. 1. 1. 0. 1. 0. 1. 0. 0. 0. 0. 1. 1. 1. 0. 1. 1. 0. 0. 0. 0. 1.
 1. 1. 0. 0. 0. 1. 0. 1. 0. 1. 0. 0. 1. 1. 1. 0. 1. 0. 0. 0. 0. 0. 0. 0.
 0. 1. 0. 0. 1. 0. 0. 0. 1. 0. 1. 1. 0. 0. 0. 1. 1. 1. 0. 1. 0. 0. 1. 1.
 0. 0. 0. 1. 1. 1. 0. 1. 0. 0. 0. 0. 0. 1. 1. 1. 0. 1. 0. 1. 1. 1. 0. 0.
 1. 0. 0. 1. 0. 1. 0. 1. 1. 0. 1. 0. 1. 1. 0. 1. 1. 0. 1. 0. 1. 1. 1. 0.
 0. 1. 1. 0. 0. 1. 1. 0. 1. 1. 0. 1. 0. 1. 0. 0. 0. 1. 0. 1. 1. 0. 1. 0.
 1. 0. 0. 0. 0. 0. 0. 1. 0. 0. 0. 0. 1. 1. 1. 1. 0. 0. 1. 0. 0. 1. 1. 0.
 1. 0. 1. 1. 0. 1. 1. 0.]",-9.683498201171247,COMPLETE
3,2.473855241200446,1.8337740455106704,0.33126002241447017,26,41,"[1. 1. 1. 1. 0. 0. 0. 0. 0. 1. 1. 1. 1. 0. 1. 0. 1. 0. 0. 0. 0. 1. 1. 1.
 1. 0. 1. 1. 0. 1. 1. 0. 1. 1. 0. 0. 1. 1. 0. 1. 1. 1. 1. 0. 0. 1. 0. 1.
 0. 1. 0. 1. 0. 1. 0. 1. 1. 0. 0. 0. 0. 0. 0. 0. 1. 0. 0. 1. 1. 0. 1. 0.
 0. 0. 1. 1. 1. 1. 1. 1. 0. 0. 0. 0. 1. 0. 0. 0. 1. 0. 0. 0. 0. 0. 1. 0.
 0. 1. 1. 1. 0. 0. 0. 0. 0. 1. 0. 1. 0. 1. 1. 1. 0. 1. 1. 0. 1. 0. 1. 1.
 1. 0. 0. 1. 1. 1. 1. 1. 1. 0. 1. 0. 0. 0. 0. 0. 1. 0. 1. 0. 1. 1. 1. 1.
 1. 1. 0. 1. 1. 0. 1. 0. 0. 1. 1. 1. 0. 1. 0. 0. 0. 1. 1. 0. 1. 1. 0. 0.
 0. 1. 0. 0. 0. 0. 0. 0. 0. 1. 1. 0. 1. 0. 0. 1. 0. 0. 1. 0. 0. 1. 0. 1.
 1. 0. 0. 1. 1. 0. 0. 0.]",-8.361132946575793,COMPLETE
4,1.6278557129250317,1.8221307932041793,0.886296437242747,13,12,"[1. 1. 1. 1. 0. 0. 1. 1. 1. 1. 1. 0. 1. 0. 1. 0. 0. 0. 0. 1. 0. 0. 1. 1.
 0. 0. 0. 1. 0. 1. 1. 0. 1. 0. 0. 0. 1. 0. 1. 0. 0. 0. 1. 1. 1. 0. 0. 0.
 0. 1. 1. 1. 0. 1. 0. 0. 0. 1. 0. 1. 1. 1. 1. 1. 0. 1. 1. 0. 0. 1. 0. 0.
 1. 0. 0. 0. 1. 1. 0. 1. 1. 0. 0. 1. 0. 0. 0. 0. 1. 0. 0. 0. 0. 0. 0. 0.
 1. 1. 1. 1. 0. 0. 1. 0. 0. 0. 1. 0. 0. 1. 0. 1. 1. 0. 0. 1. 0. 0. 1. 1.
 0. 0. 1. 0. 1. 1. 1. 1. 1. 0. 1. 1. 1. 0. 1. 0. 1. 1. 0. 0. 1. 1. 1. 0.
 0. 0. 0. 0. 1. 0. 0. 1. 0. 0. 0. 1. 1. 0. 1. 0. 0. 1. 0. 1. 0. 0. 0. 0.
 1. 1. 0. 0. 0. 0. 1. 1. 0. 0. 0. 1. 1. 0. 1. 0. 1. 1. 1. 0. 0. 0. 0. 1.
 0. 0. 0. 1. 0. 0. 1. 0.]",-7.590037801927032,COMPLETE
5,2.396145004880635,1.845461611997867,0.41490793195488396,932,21,"[1. 1. 0. 1. 0. 1. 0. 1. 1. 0. 0. 1. 1. 1. 0. 0. 1. 1. 0. 0. 1. 1. 0. 0.
 0. 1. 0. 0. 1. 0. 1. 1. 0. 0. 0. 0. 0. 1. 1. 0. 0. 1. 1. 1. 1. 0. 0. 0.
 1. 1. 1. 0. 1. 0. 0. 0. 0. 1. 1. 0. 1. 1. 1. 0. 1. 1. 1. 0. 1. 1. 0. 1.
 0. 0. 0. 0. 1. 0. 1. 0. 0. 1. 0. 0. 1. 0. 1. 0. 0. 0. 0. 1. 1. 0. 0. 1.
 0. 1. 1. 0. 1. 0. 1. 1. 1. 1. 1. 0. 0. 0. 1. 1. 1. 1. 0. 1. 0. 0. 1. 0.
 0. 1. 0. 0. 0. 0. 0. 0. 0. 1. 1. 1. 1. 0. 1. 1. 0. 0. 0. 0. 1. 0. 1. 1.
 1. 0. 1. 1. 1. 1. 1. 0. 1. 1. 1. 0. 1. 1. 1. 1. 0. 1. 0. 1. 1. 0. 1. 1.
 1. 1. 0. 1. 1. 1. 0. 1. 0. 1. 0. 1. 0. 1. 0. 0. 0. 1. 1. 1. 0. 0. 1. 0.
 1. 0. 0. 0. 0. 0. 0. 1.]",-8.818539438425965,COMPLETE
6,1.880958889203853,2.2641601313659603,0.3813477890160961,752,10,"[0. 1. 1. 1. 0. 0. 0. 1. 1. 1. 0. 1. 1. 1. 1. 1. 1. 1. 1. 0. 0. 1. 0. 0.
 1. 0. 1. 1. 1. 0. 1. 0. 0. 1. 0. 0. 0. 1. 1. 1. 1. 1. 0. 1. 0. 0. 1. 0.
 0. 1. 1. 1. 0. 1. 1. 1. 1. 1. 0. 1. 1. 0. 0. 0. 1. 1. 1. 0. 0. 0. 0. 1.
 1. 0. 1. 1. 0. 1. 0. 1. 1. 0. 1. 1. 1. 1. 1. 1. 1. 1. 1. 0. 1. 1. 1. 1.
 0. 0. 0. 0. 1. 1. 1. 1. 0. 1. 1. 0. 0. 0. 0. 1. 0. 0. 0. 1. 0. 1. 0. 1.
 0. 0. 0. 1. 0. 1. 1. 0. 1. 0. 1. 0. 1. 0. 1. 1. 0. 0. 1. 0. 1. 0. 1. 1.
 1. 0. 0. 1. 0. 0. 0. 1. 0. 1. 0. 1. 0. 1. 0. 0. 0. 0. 0. 1. 1. 1. 0. 1.
 0. 0. 1. 0. 1. 0. 0. 0. 0. 1. 0. 1. 0. 1. 1. 1. 1. 0. 1. 0. 1. 0. 1. 1.
 1. 1. 1. 1. 0. 1. 1. 1.]",-8.722298888579544,COMPLETE
7,1.7701457415914654,2.3010558863263944,0.44598074623233275,186,29,"[1. 0. 1. 1. 1. 1. 1. 0. 1. 1. 1. 0. 0. 0. 0. 0. 1. 0. 1. 1. 1. 1. 1. 0.
 1. 1. 0. 0. 0. 1. 1. 1. 1. 0. 0. 0. 1. 0. 0. 0. 0. 0. 1. 0. 1. 0. 0. 0.
 1. 1. 1. 0. 0. 1. 0. 0. 1. 0. 1. 1. 1. 1. 0. 0. 1. 1. 1. 0. 0. 1. 1. 0.
 0. 1. 0. 1. 0. 0. 0. 1. 1. 1. 0. 1. 1. 1. 0. 1. 0. 1. 1. 1. 0. 0. 0. 0.
 0. 0. 1. 1. 0. 0. 1. 1. 1. 1. 0. 1. 1. 1. 1. 0. 0. 0. 0. 1. 1. 0. 1. 1.
 0. 1. 0. 0. 1. 0. 0. 1. 0. 1. 0. 1. 1. 0. 1. 0. 1. 1. 1. 0. 1. 1. 1. 0.
 0. 1. 1. 0. 0. 1. 0. 0. 0. 1. 0. 1. 0. 1. 0. 1. 0. 1. 0. 1. 1. 0. 1. 1.
 0. 0. 0. 0. 1. 1. 1. 0. 1. 0. 0. 1. 0. 1. 0. 1. 0. 0. 1. 1. 1. 1. 1. 0.
 1. 0. 0. 1. 0. 1. 0. 0.]",-9.163015324176733,COMPLETE
8,2.2955745584289766,1.5320081564257968,0.582915581095289,79,12,"[0. 0. 1. 0. 0. 1. 0. 1. 0. 0. 0. 1. 0. 0. 0. 1. 1. 0. 0. 0. 0. 1. 1. 1.
 1. 1. 0. 1. 0. 0. 0. 0. 1. 1. 0. 1. 0. 0. 0. 1. 1. 1. 0. 1. 0. 1. 0. 1.
 1. 1. 0. 0. 1. 1. 1. 1. 1. 1. 1. 0. 1. 1. 1. 1. 0. 0. 0. 1. 1. 0. 1. 0.
 0. 0. 0. 1. 1. 0. 1. 0. 0. 0. 0. 1. 0. 1. 0. 1. 1. 1. 1. 1. 1. 0. 1. 0.
 1. 0. 0. 0. 0. 0. 1. 0. 1. 0. 1. 0. 1. 1. 0. 1. 1. 1. 1. 0. 1. 1. 1. 0.
 0. 1. 0. 0. 0. 1. 0. 1. 1. 1. 0. 1. 1. 1. 0. 0. 1. 0. 0. 0. 0. 1. 1. 1.
 1. 1. 1. 0. 0. 1. 1. 0. 0. 1. 0. 0. 0. 1. 0. 1. 0. 1. 0. 1. 0. 1. 1. 0.
 0. 1. 1. 0. 1. 0. 1. 1. 0. 1. 0. 0. 0. 1. 1. 0. 0. 0. 1. 1. 1. 1. 0. 0.
 1. 1. 1. 1. 0. 0. 0. 0.]",-8.165395218804541,COMPLETE
9,2.083964543500967,1.5389122976423217,0.8908772144909834,76,146,"[1. 1. 1. 0. 0. 0. 0. 0. 1. 0. 0. 1. 1. 0. 0. 0. 0. 0. 0. 0. 1. 0. 1. 1.
 1. 0. 0. 0. 1. 0. 1. 0. 0. 0. 1. 0. 1. 0. 1. 1. 1. 0. 1. 0. 1. 1. 0. 0.
 1. 0. 0. 1. 1. 1. 1. 1. 1. 1. 0. 1. 1. 1. 1. 1. 0. 0. 1. 0. 0. 1. 1. 0.
 1. 0. 1. 0. 1. 1. 1. 1. 0. 1. 0. 0. 0. 0. 0. 1. 1. 1. 0. 1. 0. 0. 0. 1.
 1. 0. 1. 1. 1. 1. 1. 1. 0. 1. 0. 0. 1. 0. 1. 1. 1. 1. 0. 0. 1. 1. 0. 1.
 1. 0. 1. 1. 1. 1. 0. 1. 1. 1. 0. 0. 1. 1. 1. 1. 1. 0. 0. 1. 0. 1. 0. 1.
 0. 0. 0. 1. 0. 1. 0. 0. 1. 1. 1. 0. 0. 1. 0. 1. 1. 0. 1. 1. 0. 1. 0. 1.
 0. 0. 1. 0. 1. 1. 0. 1. 1. 0. 1. 0. 1. 1. 1. 1. 0. 1. 0. 0. 0. 1. 0. 0.
 1. 1. 0. 0. 0. 0. 0. 1.]",-9.979312373223323,COMPLETE
10,2.102274067952963,1.5352889435246915,0.7044676740660145,339,292,"[1. 1. 0. 0. 1. 0. 0. 0. 1. 1. 1. 1. 0. 0. 0. 1. 1. 0. 1. 0. 0. 1. 1. 0.
 1. 0. 1. 1. 1. 1. 0. 0. 0. 0. 1. 0. 0. 1. 1. 0. 1. 1. 0. 1. 0. 1. 1. 0.
 0. 1. 0. 1. 0. 0. 0. 0. 0. 1. 0. 0. 0. 1. 1. 1. 0. 0. 0. 0. 1. 0. 1. 0.
 1. 0. 1. 0. 1. 0. 1. 1. 1. 0. 1. 1. 0. 0. 0. 1. 1. 1. 0. 1. 1. 0. 1. 1.
 0. 0. 0. 0. 0. 1. 1. 1. 1. 0. 1. 1. 0. 1. 1. 1. 0. 0. 0. 0. 0. 0. 1. 1.
 1. 0. 0. 1. 1. 0. 1. 0. 0. 1. 0. 1. 0. 0. 0. 1. 1. 1. 1. 1. 1. 1. 0. 1.
 1. 1. 0. 1. 0. 0. 0. 1. 1. 0. 1. 1. 0. 0. 0. 0. 0. 0. 0. 0. 1. 1. 1. 1.
 0. 0. 1. 0. 0. 0. 0. 1. 0. 0. 1. 0. 1. 1. 1. 1. 0. 0. 0. 0. 0. 0. 0. 1.
 1. 1. 0. 1. 1. 0. 1. 1.]",-10.233762271710575,COMPLETE
11,2.0794032130141207,1.5010088643725954,0.7140005962311259,336,288,"[1. 1. 1. 1. 0. 0. 1. 1. 1. 1. 0. 1. 1. 0. 1. 1. 0. 0. 1. 0. 1. 1. 1. 1.
 1. 0. 0. 0. 0. 1. 1. 1. 1. 0. 0. 1. 0. 0. 1. 0. 1. 1. 1. 0. 0. 0. 0. 1.
 0. 0. 1. 0. 0. 1. 0. 0. 1. 0. 0. 1. 1. 1. 0. 1. 1. 1. 0. 0. 0. 0. 1. 1.
 1. 0. 1. 1. 1. 0. 0. 1. 1. 0. 1. 1. 0. 0. 1. 1. 1. 0. 1. 0. 0. 0. 1. 0.
 1. 0. 1. 1. 0. 1. 0. 1. 1. 0. 1. 1. 1. 1. 0. 0. 0. 1. 0. 0. 1. 1. 1. 0.
 0. 0. 1. 0. 0. 0. 0. 1. 0. 1. 0. 0. 0. 0. 1. 1. 1. 0. 0. 0. 1. 1. 1. 1.
 0. 0. 1. 0. 0. 0. 1. 0. 1. 0. 1. 1. 0. 0. 0. 1. 1. 0. 0. 0. 0. 1. 1. 1.
 0. 0. 1. 1. 0. 0. 1. 1. 1. 1. 0. 0. 1. 1. 1. 1. 0. 0. 1. 0. 1. 0. 0. 1.
 0. 0. 1. 1. 0. 0. 0. 0.]",-10.84864179799336,COMPLETE
12,2.1136439269467133,1.6687722462458707,0.6952600828369462,425,297,"[0. 1. 1. 1. 1. 1. 1. 1. 1. 0. 1. 0. 0. 0. 1. 1. 0. 0. 1. 1. 1. 1. 1. 1.
 0. 0. 1. 0. 0. 1. 1. 1. 1. 0. 1. 1. 0. 1. 0. 0. 0. 1. 1. 0. 0. 0. 1. 1.
 1. 0. 0. 1. 1. 0. 0. 1. 0. 0. 0. 0. 1. 1. 0. 1. 1. 0. 1. 1. 0. 0. 0. 0.
 1. 0. 0. 0. 1. 0. 1. 1. 1. 1. 0. 0. 1. 0. 0. 1. 1. 1. 0. 1. 0. 1. 1. 0.
 1. 0. 1. 1. 1. 1. 1. 1. 1. 0. 1. 0. 1. 1. 0. 1. 0. 0. 0. 1. 0. 0. 1. 0.
 0. 0. 1. 1. 0. 1. 0. 1. 1. 0. 1. 0. 1. 1. 1. 0. 0. 0. 1. 1. 0. 1. 1. 1.
 1. 1. 1. 1. 1. 1. 1. 0. 0. 1. 0. 1. 0. 1. 0. 0. 1. 1. 0. 1. 0. 0. 0. 1.
 0. 0. 0. 0. 0. 1. 0. 1. 1. 1. 0. 0. 1. 1. 1. 1. 0. 1. 1. 0. 0. 0. 0. 0.
 1. 0. 0. 0. 1. 0. 1. 0.]",-9.749951322810915,COMPLETE
13,2.155041299655143,2.4831571521107714,0.17042416583245001,345,109,"[1. 1. 1. 0. 1. 0. 1. 1. 1. 1. 0. 1. 0. 1. 0. 1. 1. 0. 0. 1. 1. 1. 1. 1.
 1. 0. 0. 1. 0. 0. 1. 0. 0. 0. 1. 0. 1. 1. 0. 0. 1. 1. 1. 0. 0. 0. 0. 1.
 0. 1. 0. 0. 0. 0. 1. 0. 0. 1. 1. 1. 0. 1. 0. 1. 1. 1. 0. 0. 1. 1. 1. 0.
 1. 0. 0. 0. 0. 1. 0. 1. 1. 0. 1. 1. 0. 1. 1. 0. 0. 0. 1. 0. 0. 1. 1. 1.
 0. 0. 0. 0. 0. 0. 0. 0. 1. 0. 1. 1. 0. 0. 1. 1. 1. 1. 1. 0. 0. 1. 1. 1.
 0. 0. 0. 0. 1. 0. 0. 0. 1. 0. 0. 0. 1. 0. 1. 1. 0. 1. 0. 1. 0. 0. 0. 1.
 0. 0. 0. 1. 1. 0. 1. 0. 0. 0. 0. 1. 1. 1. 1. 0. 1. 1. 1. 1. 1. 0. 0. 1.
 1. 0. 0. 1. 0. 0. 1. 0. 0. 0. 0. 1. 1. 1. 0. 0. 1. 1. 0. 1. 0. 0. 1. 1.
 0. 1. 1. 1. 0. 0. 0. 1.]",-8.491475829224754,COMPLETE
14,1.9557383236159442,1.6704997640109316,0.7225957441258044,388,268,"[1. 1. 0. 1. 0. 1. 0. 0. 1. 1. 1. 0. 0. 1. 1. 1. 1. 1. 0. 1. 1. 0. 1. 0.
 1. 1. 1. 0. 1. 0. 1. 1. 1. 0. 1. 0. 1. 1. 1. 1. 1. 0. 1. 0. 0. 0. 0. 1.
 0. 1. 1. 1. 0. 0. 0. 0. 1. 1. 0. 0. 1. 1. 1. 1. 0. 0. 0. 1. 0. 1. 1. 1.
 1. 1. 1. 0. 1. 0. 0. 1. 1. 1. 0. 0. 0. 0. 1. 1. 0. 0. 0. 0. 0. 1. 0. 0.
 1. 1. 1. 0. 1. 1. 1. 1. 1. 0. 0. 1. 1. 1. 0. 0. 0. 1. 0. 0. 1. 1. 1. 1.
 1. 0. 1. 0. 0. 1. 1. 0. 1. 1. 0. 1. 1. 1. 0. 1. 1. 0. 1. 1. 1. 0. 1. 1.
 0. 0. 0. 1. 0. 1. 1. 1. 1. 0. 0. 1. 0. 1. 0. 0. 0. 0. 1. 1. 0. 0. 0. 1.
 0. 0. 1. 0. 1. 0. 0. 0. 0. 1. 0. 1. 0. 1. 0. 1. 0. 0. 1. 1. 1. 0. 1. 1.
 1. 0. 0. 0. 1. 1. 0. 0.]",-10.598620223556985,COMPLETE
15,1.9086275345280836,1.688228009768583,0.7307837212649366,200,93,"[1. 1. 1. 1. 1. 1. 0. 0. 1. 1. 1. 1. 1. 0. 1. 1. 0. 1. 0. 0. 1. 0. 1. 0.
 1. 0. 0. 1. 0. 1. 0. 0. 1. 1. 1. 0. 1. 1. 1. 0. 1. 0. 0. 0. 1. 0. 0. 1.
 0. 0. 1. 1. 0. 0. 0. 1. 1. 0. 1. 1. 1. 1. 0. 1. 1. 0. 0. 0. 1. 1. 0. 0.
 0. 0. 1. 1. 0. 0. 0. 1. 1. 1. 1. 1. 1. 0. 0. 1. 0. 1. 1. 1. 0. 1. 0. 1.
 1. 1. 0. 1. 0. 0. 0. 0. 0. 0. 0. 1. 1. 0. 1. 1. 1. 0. 0. 0. 1. 0. 0. 1.
 1. 1. 0. 0. 0. 1. 1. 0. 0. 1. 1. 0. 1. 1. 1. 1. 0. 1. 0. 0. 1. 1. 0. 0.
 1. 0. 0. 1. 1. 1. 1. 0. 1. 0. 0. 1. 0. 0. 0. 0. 1. 1. 0. 0. 0. 1. 1. 1.
 0. 1. 0. 0. 1. 1. 0. 1. 0. 1. 0. 1. 0. 1. 0. 0. 0. 1. 1. 1. 0. 1. 0. 0.
 0. 0. 1. 1. 0. 0. 0. 0.]",-9.827600850978001,COMPLETE
16,1.6822141459859279,1.6870589638321916,0.6187853410392996,569,196,"[0. 1. 1. 0. 1. 1. 0. 0. 1. 0. 1. 0. 0. 0. 1. 0. 0. 1. 0. 0. 1. 0. 1. 0.
 1. 1. 1. 0. 1. 1. 1. 0. 1. 0. 1. 1. 1. 1. 0. 1. 0. 1. 1. 0. 0. 0. 0. 0.
 0. 0. 0. 0. 1. 0. 1. 1. 1. 1. 0. 0. 1. 1. 1. 0. 0. 1. 0. 0. 0. 0. 0. 1.
 0. 0. 0. 0. 0. 1. 0. 1. 0. 1. 1. 1. 1. 0. 0. 0. 1. 0. 0. 1. 1. 0. 0. 0.
 0. 1. 0. 1. 1. 1. 1. 1. 1. 0. 0. 0. 1. 1. 1. 1. 0. 0. 0. 1. 1. 0. 0. 0.
 1. 1. 1. 0. 0. 0. 0. 0. 1. 1. 1. 0. 1. 0. 0. 0. 0. 0. 0. 1. 1. 0. 0. 1.
 1. 0. 1. 1. 1. 1. 1. 1. 1. 1. 1. 1. 0. 1. 0. 1. 0. 1. 0. 1. 1. 0. 0. 0.
 1. 1. 0. 1. 0. 1. 0. 0. 1. 0. 0. 0. 1. 1. 0. 1. 0. 1. 0. 1. 0. 0. 0. 0.
 1. 0. 1. 0. 0. 0. 0. 1.]",-9.622757521296371,COMPLETE
17,1.7954350262648577,1.658342493590351,0.7763811928781759,238,180,"[0. 1. 0. 0. 0. 0. 1. 0. 1. 1. 1. 1. 1. 0. 0. 1. 1. 1. 1. 0. 1. 0. 0. 0.
 1. 0. 1. 1. 1. 0. 0. 0. 1. 0. 1. 0. 0. 0. 1. 0. 0. 0. 1. 1. 0. 0. 0. 1.
 0. 0. 0. 0. 0. 1. 0. 0. 0. 0. 1. 0. 1. 0. 0. 1. 1. 0. 0. 0. 1. 0. 1. 1.
 1. 1. 0. 0. 1. 1. 1. 0. 0. 0. 0. 1. 0. 0. 0. 1. 1. 0. 1. 1. 0. 1. 1. 1.
 1. 0. 1. 0. 0. 1. 0. 1. 0. 1. 1. 1. 0. 1. 1. 0. 0. 0. 0. 0. 0. 1. 1. 1.
 1. 1. 0. 0. 0. 0. 0. 1. 1. 1. 1. 0. 1. 0. 0. 0. 0. 0. 1. 0. 1. 1. 0. 0.
 1. 1. 0. 0. 1. 0. 0. 1. 0. 1. 0. 0. 1. 0. 0. 0. 0. 1. 0. 0. 0. 0. 1. 0.
 0. 1. 1. 1. 1. 0. 1. 1. 1. 0. 0. 0. 0. 1. 1. 1. 1. 1. 0. 0. 0. 1. 0. 1.
 1. 0. 0. 0. 0. 0. 0. 1.]",-9.17338000609707,COMPLETE
18,1.999206732071176,1.7915547350149772,0.6366144465897208,127,72,"[1. 1. 0. 1. 0. 0. 0. 0. 1. 0. 1. 0. 1. 0. 0. 1. 1. 0. 0. 0. 1. 1. 1. 1.
 0. 1. 1. 0. 0. 1. 1. 1. 1. 0. 1. 0. 0. 1. 0. 0. 1. 1. 1. 1. 0. 1. 0. 0.
 0. 0. 1. 0. 0. 0. 1. 1. 0. 1. 0. 1. 0. 1. 0. 1. 1. 1. 1. 0. 0. 0. 1. 0.
 1. 1. 1. 1. 0. 0. 0. 1. 1. 0. 1. 1. 0. 1. 1. 1. 1. 0. 0. 0. 0. 0. 0. 0.
 1. 0. 1. 1. 0. 1. 0. 0. 1. 1. 0. 1. 1. 1. 1. 1. 1. 1. 0. 1. 0. 1. 0. 1.
 1. 0. 1. 1. 1. 1. 0. 0. 0. 0. 1. 1. 1. 1. 0. 1. 1. 0. 0. 0. 1. 1. 0. 0.
 1. 1. 1. 1. 1. 1. 0. 1. 1. 0. 1. 1. 1. 0. 0. 1. 1. 0. 0. 0. 0. 0. 1. 1.
 0. 0. 0. 1. 0. 0. 0. 0. 0. 1. 1. 1. 1. 1. 1. 1. 0. 1. 1. 0. 1. 1. 0. 0.
 1. 1. 1. 0. 1. 0. 0. 0.]",-9.617210878171711,COMPLETE
19,1.9828456382561674,1.9297505629220513,0.789022434308379,517,129,"[1. 0. 1. 0. 1. 0. 1. 1. 1. 1. 1. 1. 1. 1. 0. 1. 1. 0. 1. 0. 1. 1. 1. 0.
 0. 0. 1. 1. 1. 1. 1. 1. 1. 0. 1. 0. 0. 1. 1. 1. 0. 1. 0. 1. 1. 1. 1. 1.
 0. 1. 0. 1. 0. 0. 1. 0. 1. 0. 0. 0. 1. 0. 0. 1. 1. 1. 0. 0. 0. 0. 1. 1.
 1. 1. 0. 1. 0. 0. 1. 1. 0. 0. 1. 0. 1. 0. 0. 0. 1. 1. 1. 1. 1. 0. 0. 1.
 1. 0. 0. 0. 1. 0. 0. 1. 1. 1. 0. 1. 0. 1. 0. 0. 0. 0. 0. 1. 0. 1. 1. 0.
 1. 0. 1. 1. 0. 0. 1. 1. 0. 1. 1. 0. 1. 1. 0. 1. 0. 1. 0. 0. 1. 1. 1. 1.
 1. 0. 0. 0. 0. 0. 0. 1. 1. 0. 1. 0. 1. 1. 1. 0. 1. 0. 0. 1. 1. 1. 1. 1.
 0. 0. 1. 0. 0. 0. 0. 1. 0. 1. 1. 0. 0. 1. 0. 0. 0. 0. 1. 0. 0. 0. 0. 0.
 1. 0. 1. 0. 0. 0. 0. 0.]",-9.787813655202918,COMPLETE
20,1.51718534132749,2.14181307665328,0.13262882843301993,41,239,"[1. 1. 1. 1. 1. 1. 1. 0. 1. 1. 1. 1. 0. 1. 1. 1. 1. 1. 0. 0. 0. 1. 1. 1.
 1. 0. 1. 1. 0. 1. 1. 1. 1. 0. 1. 0. 1. 0. 1. 1. 0. 0. 1. 0. 1. 0. 0. 1.
 0. 0. 1. 1. 1. 1. 0. 1. 1. 0. 0. 1. 0. 1. 0. 0. 1. 1. 1. 0. 0. 0. 1. 1.
 1. 1. 1. 1. 1. 1. 0. 1. 0. 0. 0. 1. 0. 1. 1. 0. 1. 1. 1. 0. 1. 1. 0. 1.
 1. 0. 0. 0. 1. 1. 1. 0. 1. 0. 0. 1. 1. 0. 0. 0. 0. 1. 0. 1. 0. 0. 0. 1.
 1. 1. 1. 0. 0. 1. 1. 1. 0. 0. 0. 1. 0. 0. 0. 0. 1. 0. 1. 0. 1. 1. 1. 1.
 0. 1. 0. 1. 1. 0. 1. 0. 0. 1. 0. 1. 0. 0. 0. 0. 1. 0. 0. 0. 1. 1. 0. 0.
 0. 1. 1. 1. 1. 0. 0. 0. 0. 1. 0. 1. 0. 1. 1. 1. 0. 0. 1. 1. 1. 0. 1. 0.
 1. 0. 1. 0. 1. 0. 0. 0.]",-10.349470532235962,COMPLETE
21,1.566759643032238,2.1253173731881363,0.1979758403877265,42,250,"[1. 1. 1. 1. 0. 1. 0. 0. 1. 1. 0. 1. 1. 0. 1. 0. 1. 0. 0. 0. 1. 0. 1. 0.
 1. 0. 1. 0. 0. 1. 1. 0. 1. 0. 0. 0. 1. 0. 0. 1. 1. 0. 1. 0. 0. 0. 0. 0.
 1. 0. 0. 1. 0. 1. 0. 1. 1. 1. 0. 0. 1. 0. 1. 0. 0. 0. 1. 1. 0. 1. 1. 1.
 1. 0. 1. 1. 0. 0. 0. 0. 1. 0. 1. 1. 1. 1. 1. 1. 1. 1. 0. 1. 1. 0. 1. 1.
 1. 1. 0. 0. 1. 0. 0. 1. 0. 0. 0. 0. 1. 0. 1. 1. 1. 1. 0. 0. 1. 0. 0. 1.
 0. 0. 1. 1. 0. 1. 0. 1. 1. 0. 1. 0. 0. 1. 0. 0. 0. 0. 0. 1. 1. 1. 0. 1.
 1. 0. 1. 0. 1. 0. 0. 1. 1. 1. 0. 1. 1. 1. 1. 0. 1. 0. 0. 0. 0. 0. 1. 1.
 0. 1. 1. 0. 0. 0. 0. 1. 0. 0. 0. 1. 0. 1. 0. 1. 1. 1. 0. 0. 0. 0. 1. 0.
 0. 1. 0. 1. 0. 0. 0. 0.]",-9.920497737501613,COMPLETE
22,1.5338706046923247,2.116164613623007,0.2624450836687898,52,223,"[1. 1. 1. 1. 1. 1. 1. 1. 0. 1. 1. 1. 0. 1. 0. 1. 1. 1. 0. 1. 1. 1. 1. 1.
 1. 1. 1. 0. 0. 0. 1. 0. 1. 0. 1. 0. 0. 0. 1. 0. 1. 1. 0. 1. 0. 0. 1. 1.
 1. 1. 0. 0. 0. 1. 1. 0. 0. 1. 0. 0. 1. 0. 1. 1. 1. 1. 0. 1. 0. 1. 0. 0.
 1. 1. 0. 0. 0. 1. 1. 0. 0. 1. 1. 0. 0. 1. 1. 0. 1. 0. 1. 1. 0. 1. 1. 0.
 0. 0. 1. 0. 1. 1. 0. 1. 0. 1. 1. 1. 0. 0. 1. 0. 0. 0. 1. 1. 0. 1. 0. 1.
 1. 0. 1. 1. 1. 1. 0. 0. 0. 1. 0. 1. 0. 1. 1. 1. 1. 1. 1. 0. 1. 1. 1. 1.
 1. 0. 0. 1. 0. 0. 0. 0. 0. 1. 1. 1. 0. 1. 0. 1. 1. 0. 0. 0. 1. 0. 0. 0.
 0. 1. 1. 0. 1. 1. 0. 0. 0. 1. 0. 1. 1. 1. 0. 0. 0. 0. 0. 1. 0. 0. 0. 0.
 1. 0. 1. 1. 0. 0. 0. 1.]",-10.17484294778744,COMPLETE
23,1.7024982680605263,2.3563301174065474,0.5249993081697438,20,151,"[1. 1. 0. 0. 1. 0. 0. 1. 1. 0. 1. 1. 1. 0. 1. 0. 1. 1. 1. 0. 1. 1. 1. 0.
 0. 1. 1. 1. 1. 1. 1. 1. 1. 0. 0. 1. 0. 1. 1. 1. 1. 1. 1. 1. 1. 0. 1. 1.
 0. 0. 1. 0. 1. 0. 0. 1. 0. 1. 0. 0. 0. 1. 0. 1. 1. 1. 1. 0. 1. 1. 1. 1.
 1. 0. 0. 1. 0. 0. 0. 0. 1. 0. 0. 0. 0. 0. 1. 1. 0. 1. 0. 0. 0. 0. 1. 1.
 1. 1. 1. 1. 0. 1. 0. 1. 0. 1. 0. 1. 1. 1. 0. 1. 0. 0. 0. 0. 0. 1. 0. 1.
 0. 0. 0. 0. 1. 0. 0. 1. 0. 1. 1. 0. 1. 0. 0. 1. 1. 0. 1. 0. 1. 0. 0. 0.
 1. 0. 0. 0. 0. 0. 0. 0. 0. 1. 0. 0. 1. 0. 0. 0. 0. 0. 1. 1. 1. 0. 1. 1.
 0. 1. 1. 0. 0. 1. 0. 1. 1. 0. 1. 0. 0. 0. 0. 1. 1. 1. 1. 0. 1. 1. 1. 0.
 0. 0. 0. 0. 1. 0. 0. 1.]",-9.228338647878104,COMPLETE
24,2.2352858049200046,1.5944646662504818,0.1112261694498034,50,93,"[1. 1. 1. 0. 0. 0. 1. 0. 1. 0. 0. 0. 1. 1. 1. 1. 1. 1. 0. 0. 1. 1. 0. 0.
 1. 1. 1. 0. 0. 0. 1. 1. 1. 1. 0. 1. 0. 0. 1. 1. 1. 0. 0. 0. 0. 1. 0. 0.
 0. 0. 1. 0. 0. 1. 0. 1. 0. 1. 0. 1. 1. 1. 0. 0. 1. 1. 0. 0. 1. 1. 0. 1.
 1. 0. 1. 0. 0. 0. 0. 1. 1. 0. 1. 0. 1. 0. 0. 1. 1. 0. 1. 1. 1. 0. 0. 0.
 1. 0. 0. 1. 0. 0. 0. 1. 1. 1. 0. 0. 0. 1. 1. 0. 1. 0. 0. 1. 1. 1. 1. 1.
 0. 0. 1. 0. 1. 1. 1. 0. 1. 0. 1. 0. 0. 1. 0. 1. 0. 0. 0. 1. 1. 1. 0. 1.
 1. 0. 1. 0. 1. 1. 0. 1. 0. 1. 0. 1. 0. 1. 0. 1. 1. 1. 1. 0. 0. 0. 0. 1.
 1. 0. 1. 0. 1. 1. 0. 0. 0. 1. 0. 0. 1. 1. 1. 1. 0. 1. 1. 1. 1. 1. 1. 1.
 0. 0. 1. 0. 1. 0. 0. 0.]",-9.578224290962694,COMPLETE
25,1.8052448728654849,1.9113815059952732,0.6457540738244066,130,246,"[1. 1. 0. 0. 0. 1. 1. 0. 1. 0. 1. 1. 1. 1. 0. 0. 0. 0. 1. 0. 1. 1. 1. 1.
 0. 1. 1. 1. 1. 0. 1. 0. 1. 0. 1. 0. 1. 1. 1. 1. 0. 1. 1. 1. 1. 0. 1. 1.
 0. 1. 1. 0. 0. 1. 0. 0. 0. 1. 0. 0. 0. 0. 0. 0. 1. 0. 1. 0. 0. 0. 0. 1.
 0. 1. 0. 1. 1. 1. 0. 0. 1. 1. 1. 0. 1. 0. 0. 0. 0. 0. 0. 1. 0. 1. 1. 0.
 1. 0. 1. 1. 1. 0. 0. 0. 1. 0. 0. 1. 1. 1. 1. 0. 0. 0. 1. 1. 1. 1. 0. 0.
 0. 1. 0. 1. 0. 1. 1. 0. 1. 0. 1. 1. 1. 1. 0. 1. 0. 1. 1. 0. 1. 1. 1. 0.
 1. 0. 1. 1. 1. 0. 0. 0. 1. 1. 1. 1. 0. 1. 0. 0. 0. 1. 0. 0. 0. 0. 0. 0.
 0. 0. 0. 1. 0. 0. 1. 0. 0. 1. 0. 1. 0. 1. 0. 1. 1. 0. 1. 1. 0. 0. 1. 0.
 0. 0. 0. 0. 1. 1. 1. 0.]",-9.047065869531515,COMPLETE
26,2.1729905549460065,1.7549779658145066,0.7964530991169553,300,161,"[0. 1. 1. 1. 0. 1. 0. 0. 1. 0. 1. 1. 1. 0. 1. 1. 1. 1. 1. 0. 1. 1. 1. 1.
 1. 1. 1. 0. 0. 0. 1. 0. 1. 1. 0. 1. 1. 1. 1. 0. 0. 1. 0. 1. 1. 0. 0. 1.
 0. 1. 1. 1. 1. 1. 0. 1. 0. 1. 0. 0. 1. 1. 1. 1. 0. 0. 0. 1. 0. 0. 0. 1.
 1. 0. 0. 0. 0. 0. 0. 1. 0. 0. 1. 1. 0. 0. 1. 0. 1. 1. 1. 0. 0. 1. 1. 0.
 0. 0. 1. 1. 0. 1. 0. 1. 1. 1. 0. 1. 1. 0. 1. 1. 1. 0. 1. 0. 1. 0. 0. 0.
 0. 1. 1. 1. 0. 0. 0. 1. 1. 0. 1. 0. 0. 1. 0. 0. 0. 0. 1. 0. 0. 1. 1. 1.
 0. 0. 0. 0. 1. 0. 0. 0. 0. 0. 0. 1. 1. 0. 0. 0. 1. 0. 1. 1. 0. 0. 0. 0.
 0. 0. 0. 1. 0. 1. 0. 0. 1. 0. 0. 1. 0. 1. 0. 1. 1. 0. 0. 0. 0. 1. 0. 0.
 1. 1. 1. 1. 0. 0. 0. 0.]",-10.074586825524278,COMPLETE
27,2.0307215547327147,2.1081482220738135,0.32372039163319244,10,297,"[1.         0.         1.         1.         0.         1.
 0.         1.         1.         1.         1.         0.
 0.         1.         1.         1.         1.         0.
 1.         1.         1.         1.         0.         1.
 1.         1.         1.         0.         1.         0.
 1.         0.         0.         0.         0.         1.
 1.         0.         1.         1.         1.         0.
 0.         0.         1.         0.         0.         0.
 1.         1.         1.         0.         0.         1.
 1.         0.         1.         0.         0.         1.
 1.         0.         1.         0.         0.         1.
 0.         0.         0.         0.99995482 1.         1.
 1.         0.         1.         1.         1.         0.
 0.         0.         0.         1.         1.         1.
 0.         0.         0.         1.         1.         0.
 0.         0.         0.         0.         0.         0.
 0.         0.         0.         0.         1.         1.
 0.         0.         1.         0.         1.         1.
 1.         1.         1.         0.         1.         1.
 0.         0.         1.         1.         0.         1.
 1.         1.         1.         1.         0.         1.
 0.         0.         1.         1.         1.         0.
 0.         1.         1.         1.         0.         0.
 0.         1.         1.         1.         1.         0.
 0.         1.         1.         1.         0.         0.
 0.         0.         1.         0.         0.         1.
 1.         1.         0.         0.         1.         0.
 0.         0.         0.         1.         0.         1.
 0.         1.         0.         0.         1.         0.
 0.         1.         1.         1.         1.         1.
 1.         1.         0.         1.         0.         0.
 0.         0.         1.         0.         1.         0.
 0.         0.         0.         1.         0.         1.
 0.         0.        ]",-10.072132678186236,COMPLETE
28,1.5157445524854485,1.611281675647919,0.5776818196156753,645,119,"[1. 1. 1. 1. 0. 1. 1. 0. 1. 1. 0. 1. 1. 1. 1. 1. 0. 1. 1. 1. 0. 0. 1. 0.
 0. 0. 1. 1. 0. 1. 0. 0. 0. 0. 0. 0. 1. 1. 1. 0. 1. 1. 1. 0. 1. 1. 1. 1.
 0. 0. 0. 1. 0. 1. 1. 1. 0. 1. 1. 0. 1. 0. 1. 1. 1. 1. 1. 1. 1. 0. 1. 1.
 1. 1. 0. 0. 1. 0. 0. 0. 0. 0. 1. 1. 0. 0. 0. 1. 1. 0. 0. 1. 1. 1. 0. 1.
 0. 1. 0. 0. 1. 1. 1. 1. 1. 0. 0. 1. 1. 1. 1. 0. 0. 0. 1. 0. 0. 0. 0. 0.
 0. 0. 1. 1. 1. 0. 1. 1. 1. 1. 1. 0. 1. 0. 0. 1. 0. 0. 0. 1. 1. 0. 1. 1.
 1. 0. 1. 1. 0. 1. 0. 0. 1. 1. 0. 0. 0. 1. 1. 0. 0. 0. 0. 1. 0. 1. 0. 0.
 0. 1. 1. 0. 1. 1. 0. 1. 0. 1. 1. 0. 0. 1. 0. 1. 0. 0. 0. 0. 1. 1. 0. 1.
 0. 1. 1. 0. 0. 0. 0. 1.]",-9.811400779056797,COMPLETE
29,2.32883783935503,1.9748267962127959,0.8412768329956003,33,196,"[1. 1. 1. 0. 1. 1. 1. 1. 0. 1. 0. 0. 1. 0. 0. 1. 0. 0. 1. 1. 0. 1. 1. 1.
 1. 0. 1. 0. 1. 0. 0. 1. 1. 0. 1. 1. 1. 1. 1. 0. 1. 1. 1. 1. 0. 1. 1. 1.
 1. 1. 1. 1. 1. 0. 0. 1. 0. 0. 1. 1. 1. 0. 0. 0. 0. 1. 0. 0. 0. 1. 0. 0.
 1. 1. 0. 0. 1. 0. 1. 0. 0. 0. 1. 1. 0. 1. 0. 0. 1. 0. 0. 1. 1. 0. 0. 1.
 0. 1. 0. 0. 1. 1. 1. 1. 0. 1. 0. 1. 1. 1. 0. 1. 1. 1. 1. 0. 1. 1. 1. 0.
 0. 1. 1. 1. 1. 0. 0. 1. 1. 1. 0. 0. 0. 1. 1. 1. 1. 0. 1. 0. 1. 0. 1. 1.
 0. 0. 1. 0. 0. 1. 1. 0. 0. 1. 0. 1. 0. 0. 0. 0. 0. 0. 0. 0. 0. 1. 0. 0.
 0. 1. 0. 0. 0. 1. 0. 0. 1. 1. 1. 0. 0. 0. 1. 1. 1. 1. 0. 0. 1. 1. 1. 1.
 0. 0. 1. 0. 1. 1. 0. 1.]",-9.359562413721093,COMPLETE
30,1.9455093957924945,1.5041317669741874,0.738560017287765,116,48,"[1. 1. 1. 0. 1. 1. 0. 1. 0. 1. 1. 1. 0. 1. 1. 0. 1. 1. 1. 0. 1. 0. 1. 0.
 1. 0. 1. 0. 0. 1. 1. 1. 1. 1. 0. 0. 0. 0. 0. 0. 1. 0. 1. 0. 1. 0. 0. 1.
 1. 0. 1. 1. 0. 0. 1. 0. 0. 0. 1. 1. 0. 1. 0. 1. 1. 1. 0. 0. 0. 0. 0. 0.
 1. 1. 0. 0. 1. 0. 0. 0. 1. 0. 1. 0. 1. 0. 1. 1. 0. 1. 1. 1. 1. 1. 1. 0.
 1. 0. 1. 1. 0. 1. 0. 1. 0. 1. 0. 1. 0. 1. 1. 1. 0. 1. 0. 1. 0. 1. 1. 0.
 1. 0. 0. 1. 0. 1. 0. 1. 1. 0. 0. 1. 1. 1. 1. 0. 1. 0. 0. 1. 1. 1. 0. 1.
 0. 0. 0. 0. 1. 1. 0. 0. 1. 0. 1. 1. 0. 1. 0. 0. 0. 0. 0. 1. 0. 0. 1. 1.
 0. 1. 1. 0. 1. 1. 0. 0. 0. 0. 1. 0. 1. 1. 1. 1. 0. 1. 1. 0. 1. 0. 0. 0.
 1. 1. 1. 1. 0. 0. 0. 0.]",-10.352813344606268,COMPLETE
31,1.9739599932407774,1.5077522317914298,0.7290962835904565,124,46,"[1. 1. 1. 0. 0. 0. 0. 0. 0. 0. 0. 1. 1. 1. 1. 1. 0. 0. 0. 0. 1. 1. 0. 1.
 1. 0. 1. 1. 1. 1. 1. 1. 1. 1. 1. 0. 1. 1. 0. 0. 1. 1. 1. 1. 0. 1. 0. 1.
 1. 0. 1. 0. 1. 0. 0. 1. 0. 1. 0. 0. 0. 1. 0. 1. 1. 0. 1. 0. 1. 0. 1. 0.
 1. 0. 1. 1. 0. 0. 1. 0. 1. 0. 0. 0. 1. 0. 0. 0. 0. 0. 0. 1. 0. 0. 0. 0.
 0. 0. 1. 0. 1. 0. 0. 1. 0. 0. 1. 0. 0. 1. 1. 1. 1. 1. 0. 0. 0. 1. 1. 1.
 0. 1. 0. 1. 0. 1. 0. 0. 1. 0. 0. 1. 1. 1. 0. 1. 0. 0. 1. 1. 1. 1. 1. 1.
 1. 1. 1. 0. 1. 0. 0. 0. 1. 0. 1. 0. 0. 0. 1. 0. 1. 1. 0. 1. 1. 0. 0. 0.
 0. 1. 0. 0. 0. 1. 0. 0. 0. 1. 1. 0. 1. 0. 1. 0. 0. 0. 0. 1. 0. 0. 0. 1.
 0. 1. 1. 1. 0. 0. 0. 0.]",-9.757590273958826,COMPLETE
32,1.8492410486114415,1.5927515363778093,0.8325859032434126,67,34,"[1. 0. 0. 1. 0. 1. 0. 0. 1. 1. 1. 0. 1. 0. 0. 1. 0. 0. 1. 0. 1. 1. 0. 0.
 1. 1. 1. 0. 0. 0. 0. 0. 1. 0. 1. 0. 0. 1. 1. 1. 0. 1. 1. 0. 1. 0. 1. 0.
 1. 0. 0. 1. 1. 1. 1. 0. 0. 1. 1. 1. 1. 1. 1. 1. 1. 1. 1. 1. 1. 1. 0. 0.
 1. 0. 1. 1. 0. 0. 0. 1. 0. 0. 1. 0. 0. 1. 1. 1. 1. 1. 1. 1. 0. 1. 0. 1.
 1. 0. 0. 1. 1. 1. 0. 0. 0. 0. 0. 1. 0. 1. 1. 1. 0. 1. 1. 1. 0. 1. 0. 1.
 0. 1. 0. 1. 0. 0. 0. 1. 1. 0. 0. 0. 0. 1. 0. 0. 0. 1. 0. 0. 1. 1. 1. 1.
 1. 1. 1. 1. 1. 1. 0. 0. 1. 1. 0. 0. 0. 1. 0. 0. 1. 0. 0. 1. 0. 0. 0. 1.
 0. 1. 1. 0. 0. 1. 1. 1. 0. 0. 1. 0. 1. 0. 0. 0. 1. 0. 1. 1. 0. 0. 0. 1.
 1. 0. 0. 1. 1. 0. 0. 1.]",-9.926684236489947,COMPLETE
33,1.9388351666480805,2.0540088997171453,0.6623596989485564,246,63,"[0. 1. 0. 1. 1. 1. 0. 1. 0. 0. 1. 1. 1. 1. 1. 0. 1. 1. 1. 0. 0. 1. 1. 0.
 1. 0. 1. 0. 0. 0. 1. 0. 1. 0. 1. 0. 0. 1. 1. 1. 0. 1. 0. 0. 0. 0. 0. 1.
 0. 0. 1. 0. 1. 1. 0. 0. 0. 1. 0. 0. 1. 1. 0. 1. 0. 0. 0. 1. 0. 0. 1. 0.
 1. 0. 1. 0. 1. 0. 0. 1. 0. 0. 1. 0. 1. 0. 1. 1. 0. 1. 1. 0. 1. 1. 0. 1.
 0. 0. 0. 0. 0. 1. 0. 1. 1. 0. 0. 1. 1. 1. 1. 0. 0. 1. 0. 1. 1. 0. 0. 1.
 1. 0. 1. 0. 1. 0. 0. 1. 0. 0. 0. 1. 1. 1. 1. 1. 1. 0. 1. 1. 1. 1. 0. 0.
 0. 0. 0. 1. 0. 1. 1. 1. 1. 1. 0. 0. 1. 0. 0. 0. 1. 0. 1. 1. 0. 1. 1. 1.
 0. 0. 0. 1. 1. 0. 0. 1. 1. 0. 0. 0. 1. 1. 0. 0. 0. 0. 1. 0. 0. 1. 0. 1.
 0. 1. 1. 1. 1. 1. 0. 1.]",-9.344134893684206,COMPLETE
34,2.0475387403476395,2.1970264691087107,0.4873370486802181,119,22,"[1. 1. 1. 1. 0. 1. 1. 0. 0. 1. 1. 1. 0. 0. 1. 1. 1. 1. 0. 0. 0. 1. 1. 1.
 1. 1. 1. 1. 1. 1. 1. 1. 0. 1. 1. 0. 1. 1. 1. 0. 0. 1. 1. 1. 1. 0. 0. 1.
 0. 1. 1. 0. 0. 1. 0. 0. 1. 1. 1. 0. 1. 1. 1. 1. 0. 0. 0. 1. 1. 0. 0. 0.
 1. 0. 0. 0. 0. 1. 1. 1. 1. 0. 0. 1. 0. 1. 1. 0. 0. 1. 1. 1. 1. 0. 0. 0.
 0. 0. 1. 1. 1. 1. 1. 1. 1. 0. 0. 1. 0. 1. 1. 0. 0. 1. 0. 0. 0. 0. 1. 1.
 1. 1. 1. 0. 0. 1. 0. 1. 1. 1. 1. 1. 1. 0. 1. 0. 0. 1. 0. 1. 0. 1. 0. 0.
 0. 1. 0. 0. 0. 1. 1. 1. 0. 1. 0. 1. 0. 0. 0. 1. 1. 0. 0. 0. 0. 1. 0. 1.
 1. 0. 0. 1. 1. 0. 1. 1. 0. 0. 0. 0. 0. 1. 0. 0. 1. 1. 1. 1. 0. 1. 1. 0.
 1. 0. 1. 0. 1. 0. 0. 1.]",-9.53201575760442,COMPLETE
35,1.7364293857701671,1.7421028011663524,0.7540265158715846,20,82,"[1. 1. 0. 1. 0. 1. 0. 0. 1. 0. 1. 0. 0. 1. 0. 1. 1. 1. 1. 0. 1. 1. 1. 0.
 1. 0. 1. 0. 0. 1. 1. 0. 1. 1. 1. 0. 0. 0. 0. 0. 1. 0. 0. 1. 0. 0. 1. 1.
 0. 1. 1. 0. 1. 0. 1. 0. 0. 0. 1. 0. 0. 1. 1. 1. 1. 0. 1. 0. 1. 1. 0. 0.
 1. 1. 1. 0. 0. 1. 1. 0. 0. 0. 1. 1. 1. 1. 0. 1. 0. 1. 0. 1. 1. 0. 1. 0.
 1. 0. 0. 1. 1. 1. 0. 1. 1. 1. 1. 1. 1. 1. 1. 0. 1. 0. 0. 0. 0. 0. 0. 1.
 0. 1. 0. 0. 1. 1. 0. 1. 1. 0. 1. 1. 1. 0. 0. 1. 0. 1. 1. 0. 0. 1. 1. 1.
 1. 1. 0. 1. 0. 1. 0. 1. 1. 0. 1. 0. 1. 0. 0. 1. 1. 0. 0. 1. 1. 1. 0. 0.
 0. 0. 0. 1. 0. 1. 0. 0. 0. 1. 0. 0. 0. 1. 0. 0. 0. 0. 0. 1. 0. 0. 1. 1.
 1. 1. 1. 1. 0. 0. 1. 1.]",-9.28256797783584,COMPLETE
36,1.622461512515963,1.5947301460425913,0.5704201441217426,957,55,"[1. 0. 1. 1. 0. 1. 1. 1. 1. 1. 1. 0. 1. 0. 0. 1. 1. 1. 1. 0. 1. 0. 1. 1.
 1. 1. 1. 0. 1. 0. 1. 1. 1. 0. 0. 0. 0. 1. 0. 1. 0. 1. 1. 0. 1. 0. 1. 0.
 1. 1. 1. 1. 1. 1. 1. 0. 1. 1. 1. 0. 1. 1. 0. 0. 1. 0. 0. 0. 0. 0. 0. 1.
 1. 1. 1. 1. 1. 0. 1. 1. 0. 0. 1. 1. 0. 1. 0. 1. 1. 0. 1. 0. 1. 0. 0. 1.
 0. 0. 0. 0. 1. 1. 1. 1. 1. 1. 1. 1. 1. 1. 1. 1. 1. 1. 0. 1. 0. 0. 0. 1.
 0. 0. 1. 0. 1. 1. 1. 1. 0. 1. 0. 1. 1. 0. 1. 1. 1. 0. 1. 0. 1. 0. 0. 1.
 1. 0. 0. 1. 0. 0. 0. 0. 1. 1. 1. 0. 0. 0. 1. 1. 0. 1. 0. 1. 0. 1. 0. 1.
 1. 1. 0. 0. 0. 1. 1. 0. 1. 0. 1. 0. 0. 1. 0. 1. 0. 1. 0. 1. 0. 1. 0. 0.
 1. 1. 1. 0. 1. 1. 0. 0.]",-9.919376431521883,COMPLETE
37,2.2071232455051195,1.6174038735392426,0.8408689044385221,404,227,"[1. 1. 0. 0. 0. 1. 1. 0. 0. 0. 0. 0. 1. 0. 1. 1. 1. 0. 1. 1. 1. 1. 0. 0.
 0. 0. 0. 0. 0. 0. 0. 0. 0. 1. 1. 0. 0. 1. 0. 1. 1. 1. 1. 1. 1. 0. 0. 1.
 0. 1. 0. 0. 1. 1. 1. 0. 1. 0. 1. 1. 1. 1. 1. 1. 0. 0. 1. 0. 0. 1. 1. 1.
 1. 0. 1. 0. 1. 0. 1. 1. 0. 1. 1. 1. 0. 0. 1. 1. 1. 1. 0. 1. 0. 1. 0. 0.
 1. 0. 1. 0. 0. 1. 1. 0. 0. 0. 0. 1. 1. 1. 0. 0. 0. 0. 0. 0. 1. 1. 1. 0.
 0. 1. 1. 0. 1. 1. 1. 0. 0. 1. 0. 1. 1. 1. 1. 1. 1. 0. 0. 0. 0. 0. 1. 1.
 0. 1. 1. 0. 0. 1. 1. 1. 1. 1. 1. 1. 0. 1. 0. 0. 0. 1. 0. 1. 0. 1. 0. 1.
 1. 1. 0. 0. 1. 0. 0. 1. 1. 0. 0. 1. 1. 1. 0. 1. 0. 1. 0. 1. 0. 1. 1. 0.
 0. 1. 0. 0. 1. 1. 0. 0.]",-9.657658192698165,COMPLETE
38,2.3894982352675815,1.889770755666858,0.6789667605117644,96,38,"[1. 1. 0. 0. 1. 1. 1. 0. 0. 0. 1. 1. 1. 0. 1. 1. 1. 0. 0. 0. 1. 1. 1. 0.
 0. 0. 0. 0. 0. 1. 1. 1. 1. 0. 1. 0. 0. 1. 0. 1. 1. 0. 0. 1. 1. 0. 1. 1.
 0. 1. 0. 0. 0. 0. 0. 1. 1. 0. 0. 0. 1. 0. 1. 1. 1. 0. 0. 1. 0. 0. 1. 1.
 1. 1. 0. 0. 1. 1. 0. 0. 1. 0. 1. 1. 0. 1. 1. 1. 0. 0. 0. 1. 1. 0. 1. 0.
 1. 1. 1. 1. 1. 0. 0. 0. 0. 0. 0. 1. 1. 1. 0. 0. 1. 1. 0. 0. 1. 0. 0. 1.
 0. 0. 0. 1. 0. 0. 0. 1. 1. 0. 1. 1. 0. 1. 0. 1. 0. 0. 1. 0. 0. 0. 1. 1.
 1. 0. 1. 0. 1. 0. 0. 0. 0. 1. 1. 0. 1. 0. 0. 1. 0. 1. 0. 1. 1. 1. 0. 0.
 0. 0. 1. 1. 1. 0. 1. 1. 1. 0. 0. 1. 0. 0. 0. 1. 0. 1. 1. 1. 1. 1. 1. 0.
 1. 0. 0. 0. 1. 1. 0. 0.]",-8.77020609091631,COMPLETE
39,1.8355018029680967,2.211599678012162,0.34777710372622506,169,24,"[0. 1. 0. 1. 1. 0. 0. 1. 0. 0. 0. 0. 0. 1. 1. 1. 0. 1. 0. 0. 1. 1. 1. 0.
 1. 1. 1. 0. 1. 0. 1. 1. 1. 1. 1. 0. 1. 0. 0. 1. 1. 1. 1. 0. 1. 0. 0. 1.
 1. 0. 1. 1. 1. 0. 0. 0. 0. 1. 1. 1. 0. 1. 0. 1. 0. 0. 0. 0. 0. 1. 1. 1.
 1. 0. 1. 0. 1. 1. 0. 0. 1. 0. 1. 0. 1. 0. 1. 0. 1. 1. 0. 0. 1. 1. 1. 0.
 0. 0. 0. 0. 0. 1. 1. 1. 0. 1. 0. 0. 0. 1. 1. 1. 1. 1. 1. 0. 1. 1. 1. 0.
 1. 1. 0. 1. 1. 0. 1. 0. 1. 1. 1. 0. 0. 0. 1. 0. 0. 0. 0. 0. 1. 0. 0. 0.
 1. 0. 1. 1. 1. 0. 0. 1. 1. 0. 0. 0. 0. 1. 0. 1. 0. 1. 0. 0. 1. 0. 1. 0.
 0. 1. 0. 0. 1. 0. 0. 1. 1. 0. 0. 1. 0. 0. 0. 1. 0. 1. 1. 0. 0. 1. 1. 0.
 1. 0. 0. 1. 0. 0. 0. 1.]",-9.314208535991682,COMPLETE
40,1.9261193940827315,1.5120590829211853,0.43902989961623784,35,18,"[1.         1.         1.         0.         0.         1.
 0.         1.         1.         0.         1.         0.
 0.         0.         1.         0.         1.         1.
 1.         1.         1.         1.         0.         0.
 0.         0.         0.7170867  1.         0.         0.
 0.         1.         1.         1.         1.         1.
 1.         1.         1.         0.         1.         1.
 1.         1.         0.         1.         1.         1.
 1.         0.         1.         0.         0.30287577 1.
 1.         0.         0.         1.         0.         1.
 1.         1.         0.         0.         0.         0.
 1.         1.         0.         1.         0.         1.
 0.         0.66734292 0.         1.         1.         0.
 1.         1.         0.         1.         1.         1.
 0.         1.         0.         1.         1.         0.
 1.         1.         1.         1.         0.         0.
 1.         0.         0.         1.         1.         1.
 1.         1.         1.         1.         1.         1.
 1.         1.         0.         0.         1.         1.
 0.         1.         0.         1.         1.         0.
 1.         1.         0.         0.         0.         1.
 0.         1.         0.         1.         1.         1.
 1.         0.         0.         1.         1.         1.
 0.         0.         1.         1.         1.         0.
 0.         1.         1.         1.         0.         0.05710973
 1.         0.         1.         0.         1.         0.
 1.         0.         0.         0.         1.         0.
 1.         0.         0.         1.         0.         1.
 0.25998807 0.         0.         0.         1.         1.
 1.         1.         1.         1.         0.         0.
 0.         1.         0.         1.         1.         0.
 1.         0.         0.         0.         1.         0.
 1.         0.         0.         0.92222549 1.         1.
 1.         0.        ]",-8.885095724781898,COMPLETE
41,2.0953468086461484,1.565776758503118,0.6969443818437816,260,288,"[1. 1. 0. 1. 1. 1. 0. 0. 0. 1. 1. 0. 0. 0. 1. 1. 1. 1. 0. 0. 1. 0. 1. 0.
 0. 0. 1. 0. 1. 1. 1. 0. 1. 0. 1. 0. 0. 0. 0. 1. 1. 0. 1. 0. 1. 1. 0. 1.
 1. 1. 0. 0. 0. 0. 1. 1. 1. 1. 0. 1. 1. 1. 0. 1. 1. 1. 0. 0. 1. 1. 1. 1.
 1. 0. 1. 1. 0. 1. 0. 1. 0. 0. 0. 1. 0. 0. 0. 0. 0. 0. 1. 0. 0. 0. 1. 1.
 0. 0. 0. 1. 1. 0. 0. 1. 0. 0. 1. 1. 1. 0. 1. 0. 0. 1. 0. 1. 1. 1. 1. 1.
 1. 0. 1. 0. 0. 1. 1. 0. 0. 0. 0. 0. 0. 0. 1. 1. 1. 1. 1. 0. 1. 1. 1. 0.
 0. 0. 1. 1. 1. 0. 1. 0. 1. 1. 0. 1. 1. 1. 0. 1. 0. 0. 0. 1. 1. 1. 0. 1.
 0. 0. 0. 1. 0. 1. 0. 0. 0. 1. 0. 0. 1. 1. 0. 1. 0. 1. 1. 0. 0. 1. 0. 0.
 1. 0. 1. 0. 0. 0. 0. 1.]",-10.337972723853596,COMPLETE
42,2.4596169184641896,1.554505302033862,0.6062844658145539,255,248,"[1. 1. 0. 1. 0. 0. 0. 1. 0. 1. 1. 0. 1. 0. 1. 1. 1. 1. 1. 1. 1. 1. 1. 0.
 1. 0. 1. 1. 0. 0. 1. 1. 1. 1. 1. 0. 0. 0. 1. 0. 1. 1. 1. 0. 1. 0. 1. 0.
 1. 0. 1. 0. 0. 1. 1. 0. 1. 0. 0. 1. 1. 0. 0. 0. 1. 0. 0. 1. 0. 0. 0. 1.
 1. 1. 0. 1. 1. 0. 1. 1. 0. 1. 1. 0. 0. 1. 0. 1. 1. 1. 0. 1. 0. 1. 0. 1.
 0. 0. 0. 1. 0. 0. 1. 1. 0. 1. 1. 0. 1. 1. 0. 1. 1. 0. 0. 0. 1. 0. 1. 0.
 0. 0. 0. 0. 1. 0. 0. 0. 0. 0. 0. 0. 0. 1. 0. 1. 1. 1. 0. 1. 1. 0. 0. 1.
 1. 0. 1. 0. 1. 0. 0. 0. 0. 0. 1. 1. 1. 0. 1. 1. 1. 1. 0. 1. 0. 0. 1. 0.
 0. 1. 0. 1. 0. 1. 0. 1. 1. 1. 1. 1. 1. 1. 1. 1. 0. 0. 1. 0. 0. 1. 0. 1.
 0. 0. 0. 1. 0. 0. 0. 1.]",-9.776107716820107,COMPLETE
43,2.140358736156848,1.5736936094700094,0.6902641745613634,472,179,"[1. 1. 1. 0. 0. 0. 0. 1. 0. 1. 1. 0. 1. 0. 1. 1. 0. 1. 0. 1. 0. 1. 1. 0.
 1. 1. 1. 1. 1. 1. 1. 0. 0. 0. 1. 0. 1. 1. 0. 0. 0. 1. 1. 0. 1. 0. 1. 1.
 1. 1. 0. 0. 1. 1. 0. 1. 0. 0. 0. 1. 1. 1. 1. 0. 1. 1. 0. 1. 0. 1. 0. 1.
 1. 0. 1. 0. 0. 0. 0. 0. 0. 0. 0. 1. 0. 1. 0. 1. 1. 0. 0. 1. 0. 1. 1. 0.
 1. 1. 1. 1. 1. 1. 0. 1. 1. 1. 0. 1. 0. 0. 0. 1. 1. 0. 1. 1. 1. 1. 0. 0.
 1. 1. 1. 1. 0. 1. 0. 1. 0. 0. 1. 1. 0. 0. 0. 1. 1. 0. 0. 1. 1. 1. 1. 1.
 1. 1. 0. 0. 0. 1. 0. 1. 1. 0. 0. 1. 0. 1. 0. 0. 1. 1. 0. 1. 1. 0. 1. 1.
 0. 1. 0. 1. 0. 0. 0. 1. 0. 1. 0. 0. 0. 1. 0. 1. 0. 1. 0. 0. 0. 1. 1. 0.
 1. 0. 1. 1. 1. 0. 0. 0.]",-10.283309434881524,COMPLETE
44,2.0421316331227843,1.6514497212471064,0.7372093049017515,154,257,"[1. 1. 1. 1. 0. 0. 0. 0. 0. 1. 0. 1. 0. 0. 0. 1. 1. 1. 1. 1. 1. 0. 1. 1.
 1. 0. 1. 1. 0. 1. 1. 0. 1. 0. 0. 1. 0. 0. 1. 1. 1. 1. 1. 0. 0. 0. 0. 1.
 1. 0. 1. 1. 1. 0. 0. 1. 1. 1. 1. 0. 0. 1. 1. 0. 0. 0. 1. 0. 0. 1. 0. 0.
 1. 1. 0. 1. 1. 0. 0. 1. 0. 1. 0. 0. 0. 0. 0. 1. 1. 1. 1. 0. 0. 0. 0. 1.
 0. 1. 0. 0. 0. 1. 1. 1. 1. 1. 0. 1. 1. 0. 1. 1. 0. 0. 0. 1. 1. 1. 1. 1.
 0. 0. 0. 0. 1. 0. 0. 0. 0. 0. 0. 0. 0. 1. 1. 1. 1. 1. 1. 1. 1. 0. 1. 1.
 1. 1. 0. 1. 0. 1. 0. 1. 1. 1. 0. 0. 1. 0. 0. 0. 0. 0. 1. 1. 1. 1. 0. 1.
 0. 0. 1. 0. 0. 1. 0. 1. 0. 0. 1. 0. 0. 1. 0. 0. 1. 0. 1. 0. 1. 1. 0. 0.
 1. 1. 1. 1. 1. 0. 0. 0.]",-9.706593168669123,COMPLETE
45,2.085525162353692,1.7215050473319953,0.8080676273270524,748,210,"[1. 1. 0. 1. 0. 1. 0. 0. 1. 1. 1. 1. 1. 0. 0. 1. 1. 0. 1. 0. 0. 0. 1. 1.
 1. 0. 1. 0. 1. 0. 1. 0. 0. 1. 0. 0. 0. 0. 0. 1. 1. 1. 1. 1. 1. 0. 1. 1.
 0. 0. 0. 0. 1. 1. 0. 1. 1. 0. 1. 1. 1. 0. 1. 0. 1. 1. 0. 1. 0. 1. 0. 1.
 0. 1. 1. 1. 1. 0. 0. 0. 0. 0. 1. 0. 0. 0. 1. 1. 1. 1. 0. 0. 1. 0. 0. 1.
 1. 1. 1. 1. 1. 1. 1. 1. 0. 1. 0. 1. 0. 1. 0. 1. 1. 0. 0. 0. 1. 0. 1. 0.
 1. 0. 1. 1. 0. 1. 1. 1. 0. 1. 1. 0. 1. 1. 0. 1. 0. 1. 0. 1. 1. 0. 0. 0.
 1. 0. 1. 1. 1. 1. 1. 1. 1. 1. 0. 0. 1. 0. 0. 1. 0. 0. 0. 0. 0. 0. 0. 0.
 0. 1. 0. 1. 1. 1. 1. 0. 0. 1. 0. 1. 0. 1. 0. 1. 0. 0. 0. 1. 0. 1. 0. 0.
 1. 0. 1. 0. 0. 0. 0. 1.]",-9.935502159035714,COMPLETE
46,2.2808179518266747,1.5108303803496645,0.8731761832194839,323,51,"[1. 1. 1. 0. 1. 0. 1. 1. 0. 0. 1. 1. 1. 1. 1. 1. 1. 1. 1. 0. 0. 1. 1. 0.
 1. 1. 0. 0. 0. 0. 1. 0. 1. 0. 1. 0. 1. 1. 0. 1. 1. 0. 1. 0. 0. 1. 1. 0.
 1. 1. 0. 1. 0. 1. 1. 1. 0. 1. 1. 1. 1. 0. 0. 1. 0. 1. 1. 1. 0. 0. 1. 1.
 1. 0. 1. 1. 1. 1. 0. 1. 0. 0. 1. 1. 0. 0. 1. 1. 1. 0. 1. 1. 0. 0. 1. 1.
 0. 0. 0. 0. 1. 1. 0. 1. 0. 0. 1. 1. 0. 0. 1. 0. 0. 0. 0. 1. 1. 1. 0. 0.
 0. 1. 0. 1. 0. 1. 1. 0. 0. 1. 0. 1. 0. 0. 1. 0. 1. 0. 1. 0. 0. 0. 0. 1.
 0. 0. 0. 1. 1. 0. 0. 1. 0. 1. 1. 1. 1. 1. 0. 0. 0. 1. 1. 0. 0. 1. 1. 0.
 0. 0. 1. 0. 1. 0. 1. 1. 0. 1. 1. 0. 0. 0. 0. 1. 0. 0. 1. 1. 1. 1. 0. 1.
 0. 0. 1. 1. 0. 0. 0. 1.]",-8.882195410294038,COMPLETE
47,2.2051871992962755,1.6304362397494954,0.5006217092429296,218,298,"[1. 0. 1. 1. 0. 1. 0. 0. 1. 1. 1. 1. 0. 0. 1. 1. 1. 0. 1. 1. 1. 1. 1. 1.
 1. 1. 1. 0. 0. 1. 0. 1. 1. 0. 0. 1. 0. 0. 1. 1. 1. 1. 1. 1. 1. 1. 1. 0.
 1. 0. 0. 0. 0. 1. 1. 0. 0. 1. 0. 1. 1. 1. 0. 0. 0. 0. 0. 0. 1. 0. 1. 0.
 1. 1. 0. 0. 0. 1. 0. 0. 0. 0. 1. 0. 0. 0. 0. 1. 1. 1. 1. 0. 0. 0. 0. 1.
 1. 1. 0. 0. 1. 1. 0. 0. 1. 1. 1. 1. 1. 0. 1. 0. 1. 1. 0. 0. 1. 1. 1. 1.
 1. 1. 0. 0. 0. 1. 0. 1. 1. 0. 0. 1. 0. 1. 1. 1. 1. 1. 1. 1. 1. 1. 1. 1.
 0. 1. 1. 0. 1. 0. 1. 0. 1. 0. 0. 1. 0. 0. 0. 1. 1. 1. 0. 1. 0. 1. 0. 0.
 1. 1. 0. 1. 1. 0. 1. 1. 1. 0. 0. 0. 1. 1. 0. 0. 1. 0. 1. 1. 0. 1. 0. 0.
 0. 1. 1. 1. 1. 0. 0. 1.]",-10.559435994283916,COMPLETE
48,2.2111670275033877,1.7984479525161483,0.479949390201557,210,170,"[0. 0. 1. 0. 0. 1. 1. 1. 1. 1. 1. 1. 1. 0. 1. 1. 1. 0. 0. 1. 0. 1. 1. 0.
 1. 0. 1. 1. 1. 0. 0. 0. 0. 0. 1. 1. 0. 1. 0. 1. 1. 1. 1. 0. 1. 1. 1. 0.
 1. 1. 1. 0. 1. 1. 1. 0. 0. 0. 0. 1. 0. 0. 1. 1. 1. 1. 0. 0. 0. 1. 0. 1.
 1. 0. 0. 0. 0. 0. 0. 1. 1. 0. 0. 0. 0. 0. 0. 1. 1. 0. 1. 0. 0. 0. 1. 0.
 0. 1. 1. 0. 1. 1. 1. 0. 0. 1. 1. 1. 0. 1. 0. 0. 1. 0. 0. 1. 0. 0. 1. 1.
 1. 1. 0. 0. 0. 1. 0. 1. 0. 0. 0. 1. 0. 1. 1. 1. 0. 0. 0. 1. 1. 0. 1. 1.
 0. 1. 0. 0. 0. 0. 0. 0. 1. 0. 1. 1. 0. 1. 0. 0. 0. 0. 1. 0. 1. 0. 1. 1.
 1. 0. 1. 1. 0. 0. 1. 0. 1. 0. 0. 1. 1. 1. 0. 1. 1. 0. 0. 1. 0. 0. 0. 0.
 1. 1. 0. 1. 1. 0. 0. 1.]",-10.27617475617555,COMPLETE
49,2.3356466293157983,1.6339306963200082,0.3820680800757552,402,135,"[0. 0. 1. 0. 1. 1. 1. 1. 1. 1. 0. 1. 1. 1. 0. 1. 1. 0. 0. 1. 1. 0. 1. 1.
 1. 1. 1. 0. 0. 0. 0. 0. 1. 0. 0. 0. 1. 0. 1. 0. 0. 0. 1. 0. 1. 1. 1. 1.
 1. 0. 0. 1. 0. 1. 1. 1. 0. 1. 0. 1. 0. 1. 0. 1. 1. 1. 0. 1. 0. 1. 0. 1.
 0. 1. 1. 0. 1. 0. 0. 1. 1. 1. 1. 1. 1. 1. 1. 1. 1. 1. 1. 0. 1. 0. 0. 1.
 1. 0. 0. 0. 0. 0. 1. 0. 0. 0. 0. 1. 1. 0. 0. 0. 0. 0. 0. 0. 1. 1. 1. 1.
 1. 1. 1. 1. 0. 1. 1. 0. 1. 1. 0. 0. 0. 0. 0. 1. 0. 1. 0. 1. 1. 1. 1. 1.
 1. 0. 1. 1. 1. 1. 1. 0. 0. 0. 1. 0. 0. 1. 0. 0. 0. 0. 1. 1. 0. 0. 0. 0.
 1. 1. 0. 0. 0. 0. 1. 0. 1. 0. 0. 1. 1. 1. 1. 0. 1. 1. 1. 1. 1. 0. 0. 1.
 1. 0. 1. 1. 0. 0. 0. 1.]",-9.283446328401446,COMPLETE
50,1.8787588382787068,2.0190916629785414,0.20960714632844063,70,205,"[1. 1. 1. 0. 1. 1. 0. 0. 1. 0. 1. 1. 0. 1. 0. 1. 1. 1. 1. 1. 1. 1. 1. 0.
 1. 1. 1. 0. 0. 0. 1. 1. 0. 0. 0. 0. 0. 0. 1. 1. 0. 0. 1. 1. 1. 0. 0. 1.
 0. 0. 1. 1. 1. 0. 1. 0. 0. 1. 0. 1. 1. 0. 0. 1. 0. 0. 0. 0. 1. 0. 0. 1.
 1. 1. 1. 0. 1. 0. 0. 0. 0. 0. 0. 0. 0. 0. 0. 1. 1. 1. 0. 1. 0. 1. 0. 1.
 1. 1. 0. 0. 1. 1. 0. 1. 0. 1. 0. 1. 0. 0. 0. 1. 0. 0. 1. 1. 1. 0. 1. 0.
 1. 1. 0. 1. 1. 0. 0. 1. 1. 0. 1. 1. 0. 1. 1. 1. 1. 1. 0. 1. 1. 1. 1. 1.
 1. 0. 1. 1. 0. 0. 1. 1. 0. 0. 1. 1. 1. 1. 0. 0. 0. 1. 0. 1. 0. 0. 0. 1.
 1. 0. 0. 1. 0. 1. 0. 1. 0. 0. 0. 1. 0. 1. 0. 1. 1. 0. 1. 1. 0. 0. 1. 0.
 1. 1. 1. 1. 0. 0. 1. 0.]",-10.268592674615022,COMPLETE
51,2.123755285500633,1.7098709056580856,0.28479736043674353,279,273,"[1. 1. 1. 1. 1. 1. 0. 1. 1. 1. 0. 1. 1. 1. 1. 1. 1. 0. 1. 0. 0. 0. 1. 0.
 0. 1. 0. 1. 0. 0. 1. 1. 1. 1. 1. 0. 1. 1. 1. 1. 1. 0. 1. 1. 1. 0. 1. 1.
 1. 0. 1. 0. 1. 1. 0. 1. 1. 1. 0. 0. 1. 0. 1. 1. 1. 0. 0. 1. 1. 1. 0. 0.
 0. 1. 0. 0. 1. 0. 0. 0. 0. 1. 1. 0. 0. 1. 1. 1. 1. 0. 1. 0. 1. 1. 0. 0.
 0. 0. 0. 0. 1. 0. 0. 0. 1. 0. 1. 1. 0. 1. 1. 0. 0. 0. 1. 1. 1. 0. 1. 0.
 1. 0. 1. 0. 1. 1. 0. 1. 1. 0. 1. 0. 0. 0. 0. 0. 1. 0. 0. 1. 1. 0. 1. 1.
 1. 0. 0. 0. 0. 0. 0. 0. 0. 1. 0. 1. 0. 1. 0. 0. 0. 1. 0. 1. 1. 0. 0. 1.
 0. 1. 0. 1. 1. 0. 0. 0. 1. 0. 0. 0. 1. 1. 0. 1. 0. 0. 0. 0. 1. 1. 0. 0.
 0. 1. 0. 1. 1. 0. 0. 0.]",-9.59260873933271,COMPLETE
52,1.9503709351550127,1.5543149185259588,0.7019946774088617,198,276,"[0. 1. 1. 1. 0. 1. 1. 1. 1. 1. 1. 1. 1. 0. 0. 0. 1. 1. 1. 0. 1. 1. 1. 1.
 1. 1. 0. 1. 0. 1. 1. 0. 1. 1. 1. 1. 1. 1. 1. 1. 0. 1. 1. 0. 1. 1. 1. 0.
 0. 1. 1. 0. 1. 1. 0. 0. 1. 1. 0. 0. 1. 1. 1. 1. 0. 1. 1. 0. 1. 0. 0. 0.
 1. 1. 0. 0. 0. 0. 0. 1. 1. 0. 1. 0. 1. 1. 0. 1. 1. 1. 0. 1. 1. 0. 0. 1.
 1. 0. 0. 1. 1. 1. 0. 1. 0. 1. 0. 1. 0. 1. 0. 1. 1. 1. 0. 1. 0. 1. 1. 1.
 0. 1. 1. 0. 0. 0. 0. 0. 1. 1. 1. 0. 1. 1. 0. 1. 1. 1. 1. 1. 0. 0. 1. 1.
 1. 0. 1. 1. 1. 1. 0. 0. 1. 1. 0. 1. 0. 0. 0. 1. 0. 0. 0. 1. 1. 0. 0. 1.
 1. 0. 0. 1. 0. 0. 0. 1. 0. 1. 0. 1. 0. 1. 0. 1. 0. 1. 1. 1. 0. 1. 1. 1.
 1. 1. 1. 0. 1. 0. 0. 0.]",-10.60071430063369,COMPLETE
53,1.9704636563560745,1.5008866186262932,0.7655432054983506,163,240,"[1. 0. 1. 1. 1. 1. 1. 0. 0. 0. 1. 1. 1. 0. 1. 1. 1. 0. 0. 0. 1. 1. 1. 0.
 1. 0. 1. 1. 1. 0. 0. 0. 0. 0. 1. 1. 0. 0. 0. 1. 1. 0. 1. 0. 0. 1. 0. 0.
 1. 1. 0. 0. 0. 0. 0. 1. 1. 1. 0. 0. 1. 0. 1. 1. 1. 0. 1. 0. 1. 0. 0. 1.
 1. 0. 0. 0. 1. 1. 0. 0. 0. 0. 1. 1. 0. 1. 1. 0. 0. 0. 1. 1. 0. 0. 0. 1.
 1. 1. 1. 1. 1. 1. 1. 1. 0. 1. 1. 1. 1. 1. 0. 0. 1. 0. 1. 0. 0. 0. 1. 1.
 0. 0. 0. 1. 0. 1. 0. 1. 0. 1. 1. 1. 1. 0. 0. 1. 1. 1. 0. 1. 0. 0. 1. 1.
 1. 1. 0. 0. 1. 0. 1. 0. 1. 1. 1. 1. 0. 1. 1. 0. 0. 1. 0. 1. 0. 1. 0. 0.
 0. 1. 0. 1. 0. 1. 1. 1. 1. 0. 1. 1. 1. 1. 0. 1. 0. 0. 0. 0. 0. 0. 0. 0.
 0. 1. 0. 1. 0. 0. 0. 0.]",-10.315982366741999,COMPLETE
54,2.013525025936994,1.544625371023838,0.5265153178554209,219,220,"[0. 0. 1. 1. 0. 1. 1. 1. 1. 0. 1. 0. 0. 1. 0. 1. 1. 1. 0. 1. 0. 1. 1. 0.
 1. 1. 1. 0. 1. 0. 0. 1. 1. 1. 1. 1. 0. 1. 0. 0. 1. 0. 1. 0. 0. 0. 0. 0.
 1. 0. 0. 1. 1. 1. 0. 0. 1. 1. 0. 1. 0. 1. 0. 1. 0. 0. 1. 1. 1. 1. 1. 1.
 0. 1. 0. 1. 0. 1. 0. 0. 1. 0. 0. 1. 0. 0. 1. 1. 1. 1. 0. 0. 1. 0. 0. 0.
 1. 0. 1. 0. 1. 1. 0. 1. 1. 1. 0. 1. 0. 1. 1. 1. 0. 1. 0. 1. 0. 1. 1. 0.
 1. 0. 1. 0. 1. 0. 0. 0. 1. 0. 1. 0. 1. 0. 0. 1. 0. 0. 0. 1. 0. 0. 1. 0.
 0. 1. 1. 1. 0. 0. 0. 1. 1. 0. 1. 1. 0. 1. 0. 1. 1. 1. 0. 1. 0. 1. 0. 0.
 1. 1. 0. 0. 0. 1. 1. 0. 0. 0. 1. 1. 1. 1. 0. 0. 0. 0. 0. 0. 1. 0. 0. 0.
 1. 0. 0. 1. 1. 0. 0. 0.]",-9.105409776648727,COMPLETE
55,1.8858285263479333,2.3683698525377945,0.7197417421160001,107,269,"[1. 0. 1. 0. 1. 1. 1. 0. 1. 1. 0. 1. 1. 1. 0. 1. 1. 1. 0. 0. 1. 1. 1. 1.
 1. 0. 1. 0. 1. 0. 0. 1. 0. 0. 1. 0. 0. 0. 1. 1. 1. 0. 1. 1. 1. 1. 0. 0.
 0. 0. 1. 1. 0. 0. 0. 0. 1. 1. 0. 0. 1. 1. 0. 1. 1. 0. 0. 1. 0. 0. 0. 0.
 1. 0. 0. 0. 1. 0. 0. 0. 0. 1. 1. 0. 1. 0. 1. 1. 1. 0. 1. 0. 1. 1. 1. 1.
 0. 0. 0. 0. 0. 0. 0. 0. 1. 1. 1. 1. 1. 1. 0. 0. 0. 1. 0. 1. 1. 1. 0. 1.
 1. 1. 1. 0. 0. 1. 0. 0. 1. 1. 1. 1. 0. 1. 1. 1. 0. 0. 0. 0. 1. 1. 1. 1.
 1. 1. 0. 0. 1. 0. 0. 0. 1. 1. 1. 1. 0. 1. 1. 0. 1. 1. 0. 0. 0. 0. 0. 1.
 0. 1. 0. 0. 0. 0. 1. 0. 0. 0. 1. 1. 1. 1. 1. 1. 1. 0. 0. 1. 0. 1. 0. 0.
 1. 0. 0. 0. 0. 0. 0. 1.]",-10.656438361399914,COMPLETE
56,1.8805121245211918,2.344476092824807,0.7300070493409055,86,271,"[1. 1. 1. 1. 0. 0. 0. 0. 1. 1. 1. 1. 1. 0. 1. 1. 1. 1. 1. 0. 1. 1. 1. 1.
 1. 1. 0. 0. 0. 1. 1. 1. 1. 0. 0. 0. 0. 1. 1. 0. 0. 0. 1. 0. 1. 0. 1. 0.
 0. 0. 1. 1. 0. 1. 0. 0. 0. 0. 0. 0. 1. 0. 1. 1. 1. 0. 1. 1. 1. 0. 1. 1.
 1. 1. 0. 1. 0. 0. 1. 0. 0. 0. 0. 0. 0. 1. 0. 1. 1. 1. 0. 1. 1. 0. 1. 1.
 0. 0. 1. 0. 0. 0. 1. 1. 1. 0. 1. 0. 1. 1. 1. 0. 1. 0. 1. 1. 1. 0. 1. 0.
 1. 0. 1. 1. 0. 0. 0. 0. 1. 1. 0. 1. 1. 1. 0. 0. 1. 1. 1. 0. 1. 1. 0. 0.
 1. 1. 0. 0. 1. 0. 0. 0. 1. 0. 0. 1. 0. 0. 0. 0. 1. 1. 0. 1. 0. 1. 1. 1.
 0. 0. 0. 0. 1. 0. 0. 1. 0. 0. 0. 1. 1. 1. 0. 0. 1. 0. 1. 0. 0. 1. 1. 1.
 1. 1. 1. 1. 1. 0. 0. 0.]",-10.369717783501741,COMPLETE
57,1.866617263800896,2.3688811495047535,0.6060488447719985,96,293,"[1. 1. 1. 1. 1. 1. 0. 0. 1. 0. 1. 0. 1. 0. 0. 1. 0. 0. 1. 0. 0. 1. 0. 0.
 0. 0. 1. 0. 0. 0. 0. 0. 1. 1. 1. 0. 1. 1. 1. 1. 1. 1. 1. 0. 0. 0. 0. 0.
 1. 0. 0. 1. 0. 1. 0. 1. 0. 1. 1. 0. 1. 1. 0. 1. 1. 1. 0. 0. 0. 0. 0. 0.
 0. 0. 0. 0. 1. 0. 0. 0. 0. 0. 1. 1. 1. 0. 0. 0. 1. 0. 1. 0. 1. 0. 0. 0.
 0. 0. 0. 0. 0. 1. 0. 1. 1. 0. 1. 1. 1. 0. 1. 1. 0. 0. 0. 0. 0. 1. 0. 0.
 1. 1. 1. 1. 1. 1. 1. 0. 0. 1. 0. 1. 1. 1. 0. 1. 1. 1. 0. 0. 1. 0. 0. 1.
 1. 1. 0. 1. 1. 0. 0. 0. 1. 1. 0. 1. 1. 0. 1. 0. 0. 1. 0. 1. 0. 1. 0. 1.
 1. 0. 0. 1. 1. 1. 0. 0. 0. 1. 0. 0. 0. 1. 0. 1. 0. 0. 1. 1. 0. 1. 0. 0.
 0. 0. 1. 1. 1. 0. 0. 1.]",-10.63556144888502,COMPLETE
58,1.7856071513675051,2.4688769365222196,0.6157207739863074,185,185,"[1. 1. 1. 0. 0. 0. 0. 1. 1. 1. 1. 0. 0. 1. 1. 1. 1. 1. 1. 0. 1. 1. 0. 0.
 1. 0. 1. 0. 1. 1. 0. 0. 1. 1. 1. 0. 1. 0. 1. 1. 1. 0. 1. 0. 1. 0. 0. 0.
 0. 0. 0. 0. 0. 1. 1. 0. 0. 0. 0. 1. 0. 1. 1. 1. 1. 1. 1. 0. 1. 1. 1. 1.
 1. 0. 0. 0. 0. 0. 1. 1. 0. 1. 0. 1. 1. 1. 1. 1. 0. 1. 0. 1. 0. 1. 1. 0.
 1. 0. 1. 1. 0. 1. 0. 1. 1. 1. 0. 1. 1. 1. 0. 0. 1. 0. 1. 0. 1. 1. 1. 0.
 0. 1. 0. 1. 0. 0. 0. 1. 1. 1. 0. 1. 1. 0. 1. 1. 0. 0. 0. 0. 0. 0. 1. 1.
 1. 1. 0. 0. 0. 1. 0. 1. 0. 1. 1. 1. 0. 1. 1. 0. 0. 0. 0. 1. 0. 1. 1. 0.
 1. 0. 1. 0. 1. 1. 1. 0. 1. 0. 0. 1. 1. 0. 1. 1. 1. 0. 1. 1. 0. 1. 1. 0.
 1. 0. 0. 1. 0. 0. 0. 0.]",-10.044276202647602,COMPLETE
59,1.8419110268063459,2.4191302378895294,0.5498362009431754,142,149,"[1. 1. 1. 1. 1. 1. 0. 1. 1. 0. 1. 1. 1. 1. 0. 1. 1. 1. 1. 1. 0. 1. 0. 0.
 1. 0. 0. 0. 0. 1. 1. 1. 1. 1. 0. 0. 0. 0. 1. 0. 1. 1. 1. 0. 1. 1. 0. 1.
 1. 0. 1. 0. 1. 1. 1. 1. 0. 0. 1. 1. 0. 1. 1. 0. 1. 1. 0. 0. 0. 0. 1. 1.
 1. 1. 0. 0. 1. 0. 0. 0. 0. 0. 0. 1. 1. 0. 0. 1. 1. 0. 1. 0. 0. 0. 1. 1.
 1. 1. 1. 0. 0. 1. 1. 1. 1. 0. 0. 1. 1. 1. 0. 0. 0. 1. 1. 0. 0. 1. 1. 1.
 0. 1. 0. 1. 0. 1. 1. 1. 1. 1. 0. 0. 0. 1. 0. 0. 1. 0. 1. 0. 0. 1. 0. 1.
 0. 0. 0. 1. 0. 1. 0. 0. 1. 0. 0. 0. 0. 1. 0. 0. 0. 1. 0. 1. 0. 0. 0. 1.
 1. 0. 0. 1. 0. 0. 1. 1. 1. 0. 0. 1. 1. 1. 1. 1. 1. 0. 0. 1. 1. 0. 0. 1.
 1. 1. 0. 1. 1. 1. 0. 0.]",-9.944919624666454,COMPLETE
60,2.0657766067255867,2.280115073755824,0.6494816338266463,100,288,"[0. 1. 1. 1. 1. 0. 0. 1. 0. 1. 1. 1. 0. 1. 1. 1. 1. 1. 0. 1. 1. 0. 0. 0.
 1. 1. 0. 0. 1. 0. 0. 0. 0. 1. 1. 1. 1. 1. 0. 0. 1. 1. 1. 0. 0. 0. 0. 1.
 1. 0. 1. 0. 0. 1. 0. 0. 0. 1. 0. 1. 1. 1. 0. 1. 1. 0. 1. 1. 0. 0. 0. 0.
 1. 0. 1. 1. 0. 1. 0. 1. 0. 1. 1. 1. 0. 0. 0. 1. 0. 0. 1. 0. 0. 0. 0. 1.
 1. 0. 1. 1. 1. 1. 1. 1. 0. 0. 0. 1. 1. 0. 0. 0. 1. 0. 0. 1. 0. 1. 0. 0.
 1. 1. 1. 1. 0. 1. 0. 0. 0. 0. 0. 1. 0. 1. 1. 1. 1. 0. 1. 1. 0. 1. 1. 1.
 1. 0. 1. 1. 1. 1. 0. 0. 1. 1. 1. 1. 0. 0. 1. 1. 1. 0. 1. 1. 0. 1. 1. 0.
 1. 1. 0. 1. 1. 1. 1. 0. 1. 0. 0. 1. 0. 1. 0. 0. 0. 0. 0. 1. 1. 0. 0. 0.
 1. 0. 0. 0. 1. 0. 0. 0.]",-9.376669827062386,COMPLETE
61,1.892322346014505,2.3410342229688794,0.7245729508699712,81,268,"[1. 0. 1. 0. 1. 1. 0. 1. 1. 1. 1. 0. 0. 0. 1. 1. 0. 0. 0. 1. 0. 1. 0. 1.
 1. 0. 0. 1. 0. 0. 1. 0. 0. 0. 1. 0. 1. 1. 0. 1. 0. 0. 1. 0. 0. 0. 0. 1.
 1. 0. 1. 0. 0. 0. 1. 0. 1. 1. 1. 1. 1. 1. 0. 0. 1. 0. 1. 0. 1. 1. 1. 1.
 1. 0. 1. 0. 0. 0. 1. 0. 1. 0. 1. 0. 0. 0. 1. 0. 1. 1. 0. 0. 0. 0. 0. 0.
 1. 1. 0. 1. 0. 1. 0. 1. 1. 0. 0. 1. 1. 0. 1. 1. 0. 1. 0. 0. 0. 1. 0. 1.
 1. 1. 0. 0. 0. 1. 1. 0. 0. 1. 0. 1. 0. 0. 1. 1. 0. 0. 0. 0. 1. 1. 0. 1.
 1. 1. 1. 1. 1. 0. 0. 0. 0. 1. 1. 0. 0. 1. 0. 1. 0. 1. 0. 1. 0. 1. 0. 0.
 1. 1. 1. 1. 0. 1. 0. 0. 0. 1. 0. 0. 1. 1. 1. 1. 1. 0. 0. 0. 0. 0. 1. 0.
 1. 1. 1. 0. 0. 0. 0. 1.]",-10.48336108044667,COMPLETE
62,1.8854754213642886,2.39297434302687,0.5960389832527251,55,299,"[1. 1. 0. 1. 1. 1. 0. 0. 1. 1. 0. 1. 0. 1. 0. 1. 1. 1. 1. 1. 1. 1. 1. 0.
 1. 0. 1. 0. 1. 0. 0. 0. 0. 0. 1. 1. 1. 0. 1. 0. 1. 1. 0. 1. 1. 0. 0. 1.
 0. 0. 1. 0. 1. 0. 0. 0. 0. 1. 0. 0. 0. 1. 1. 1. 1. 0. 0. 0. 0. 0. 1. 1.
 1. 1. 1. 0. 0. 0. 0. 0. 1. 0. 1. 0. 0. 1. 1. 0. 1. 0. 1. 0. 1. 0. 1. 0.
 0. 0. 1. 0. 1. 1. 0. 1. 0. 1. 1. 0. 0. 1. 0. 1. 0. 1. 0. 0. 0. 1. 1. 0.
 1. 0. 0. 0. 0. 0. 0. 1. 1. 0. 1. 1. 1. 1. 1. 1. 0. 0. 0. 0. 1. 0. 1. 1.
 1. 0. 1. 1. 1. 1. 0. 0. 1. 1. 0. 1. 1. 1. 1. 1. 1. 0. 0. 1. 0. 0. 0. 0.
 0. 1. 1. 1. 0. 1. 0. 1. 1. 0. 0. 1. 1. 0. 1. 1. 0. 1. 1. 1. 0. 0. 0. 0.
 1. 1. 0. 1. 0. 1. 0. 1.]",-10.499870216481433,COMPLETE
63,1.9631084310697702,2.441917397123033,0.5947317819283565,58,297,"[1. 0. 0. 0. 0. 0. 1. 1. 1. 1. 1. 1. 1. 1. 0. 1. 0. 1. 1. 0. 1. 1. 0. 1.
 1. 0. 1. 1. 0. 0. 0. 0. 1. 1. 1. 0. 1. 1. 1. 1. 1. 1. 1. 1. 1. 0. 0. 0.
 1. 1. 0. 1. 1. 1. 0. 0. 0. 0. 0. 1. 1. 1. 1. 1. 1. 0. 1. 1. 0. 1. 0. 0.
 1. 1. 0. 0. 0. 1. 0. 1. 0. 1. 1. 1. 1. 0. 1. 1. 0. 0. 1. 1. 0. 0. 1. 1.
 1. 0. 1. 1. 0. 0. 0. 0. 1. 1. 0. 1. 0. 1. 1. 0. 0. 0. 1. 0. 1. 0. 1. 0.
 0. 1. 0. 1. 0. 1. 0. 1. 1. 1. 1. 1. 0. 0. 0. 1. 1. 0. 1. 1. 0. 0. 1. 1.
 0. 1. 1. 1. 0. 0. 0. 1. 1. 1. 0. 0. 1. 1. 0. 1. 0. 0. 1. 0. 0. 1. 1. 1.
 1. 0. 1. 0. 0. 0. 1. 1. 0. 0. 1. 0. 1. 1. 1. 1. 0. 0. 1. 1. 0. 0. 0. 0.
 0. 1. 0. 1. 1. 0. 0. 0.]",-9.428574654612369,COMPLETE
64,1.995550358802544,2.3981935522935025,0.6259096635489074,359,219,"[1. 1. 1. 0. 0. 1. 1. 0. 1. 0. 1. 0. 0. 1. 1. 1. 0. 0. 1. 0. 1. 1. 1. 0.
 0. 0. 1. 0. 0. 0. 0. 0. 0. 1. 1. 0. 0. 0. 0. 1. 1. 0. 1. 0. 1. 0. 0. 0.
 1. 1. 1. 0. 1. 0. 0. 0. 0. 0. 1. 1. 0. 0. 1. 1. 1. 1. 1. 1. 0. 0. 0. 1.
 0. 0. 1. 1. 1. 1. 0. 1. 1. 0. 1. 1. 0. 0. 1. 0. 1. 0. 1. 0. 0. 0. 0. 1.
 1. 1. 1. 1. 1. 0. 1. 0. 1. 1. 0. 1. 1. 1. 0. 1. 0. 0. 1. 0. 1. 1. 1. 1.
 0. 1. 1. 0. 1. 0. 0. 0. 1. 1. 0. 1. 0. 1. 0. 1. 1. 0. 0. 1. 0. 0. 1. 0.
 0. 0. 0. 1. 1. 1. 0. 1. 0. 1. 1. 0. 0. 1. 1. 0. 1. 0. 0. 0. 0. 1. 0. 0.
 0. 1. 0. 1. 0. 0. 0. 0. 1. 1. 0. 1. 0. 1. 0. 1. 0. 0. 1. 1. 0. 1. 0. 0.
 0. 0. 1. 0. 0. 0. 0. 0.]",-10.102785616374526,COMPLETE
65,1.9228634896804044,2.3985102398337874,0.6671542294247699,564,198,"[1. 1. 0. 1. 0. 1. 0. 0. 1. 0. 1. 1. 1. 1. 1. 1. 1. 0. 1. 1. 1. 1. 1. 1.
 1. 0. 1. 0. 1. 0. 1. 0. 1. 1. 0. 1. 0. 0. 1. 1. 1. 1. 0. 0. 0. 0. 1. 1.
 1. 0. 1. 0. 1. 1. 0. 0. 0. 1. 1. 0. 1. 1. 1. 0. 1. 0. 0. 1. 0. 1. 0. 1.
 1. 0. 1. 0. 1. 1. 1. 1. 0. 1. 0. 1. 1. 1. 1. 0. 1. 1. 0. 1. 0. 1. 0. 0.
 0. 0. 1. 1. 1. 1. 0. 1. 0. 1. 0. 1. 0. 0. 0. 1. 0. 0. 0. 0. 1. 1. 1. 0.
 0. 1. 1. 0. 0. 1. 1. 1. 0. 0. 0. 0. 0. 1. 0. 0. 1. 0. 1. 0. 1. 0. 1. 1.
 0. 0. 0. 1. 1. 1. 0. 1. 1. 1. 1. 0. 0. 1. 0. 0. 1. 0. 0. 0. 0. 0. 0. 0.
 1. 0. 0. 0. 1. 1. 1. 0. 0. 1. 1. 0. 1. 1. 0. 1. 0. 0. 0. 1. 1. 1. 0. 1.
 1. 1. 1. 1. 0. 0. 0. 1.]",-10.55614905416445,COMPLETE
66,1.7449391124911227,2.300533563045039,0.666670358658181,627,201,"[1. 0. 1. 0. 0. 1. 1. 0. 0. 1. 1. 1. 1. 1. 0. 1. 1. 0. 1. 0. 0. 1. 1. 0.
 1. 1. 1. 1. 0. 1. 1. 0. 1. 0. 1. 1. 0. 1. 0. 0. 1. 1. 0. 0. 1. 0. 0. 0.
 1. 1. 0. 1. 0. 1. 0. 0. 1. 1. 0. 0. 0. 0. 0. 1. 0. 0. 0. 1. 0. 1. 0. 0.
 1. 1. 1. 0. 1. 1. 0. 0. 0. 1. 0. 1. 0. 1. 1. 0. 1. 1. 0. 0. 0. 0. 1. 1.
 0. 0. 1. 0. 1. 0. 1. 1. 1. 0. 1. 0. 0. 1. 0. 0. 0. 0. 0. 1. 0. 1. 1. 1.
 1. 0. 0. 1. 1. 1. 1. 1. 1. 0. 0. 0. 1. 1. 0. 1. 1. 0. 0. 0. 1. 0. 0. 1.
 0. 1. 1. 1. 0. 1. 0. 0. 1. 1. 0. 0. 1. 1. 0. 0. 1. 0. 1. 0. 0. 1. 1. 1.
 0. 0. 0. 1. 1. 1. 0. 1. 0. 0. 0. 0. 1. 1. 1. 1. 0. 0. 0. 0. 1. 0. 1. 0.
 1. 0. 1. 1. 1. 0. 0. 1.]",-9.906900614996694,COMPLETE
67,1.90931223472619,2.2624528059643203,0.7767754107146609,471,163,"[0. 1. 1. 1. 1. 0. 1. 1. 0. 1. 0. 1. 1. 1. 1. 0. 1. 1. 1. 0. 1. 1. 1. 0.
 1. 1. 0. 0. 1. 0. 1. 1. 1. 0. 1. 0. 1. 0. 1. 1. 1. 1. 1. 0. 0. 1. 0. 1.
 1. 0. 1. 0. 1. 1. 1. 1. 0. 1. 0. 1. 1. 0. 1. 1. 1. 0. 0. 1. 1. 1. 0. 1.
 1. 1. 1. 0. 1. 0. 0. 1. 1. 0. 0. 1. 0. 0. 0. 0. 0. 1. 0. 1. 0. 0. 0. 0.
 1. 0. 1. 1. 1. 1. 0. 1. 0. 0. 0. 1. 1. 1. 0. 0. 1. 0. 1. 0. 1. 1. 1. 1.
 0. 1. 0. 0. 0. 0. 1. 1. 0. 0. 0. 0. 0. 0. 0. 0. 1. 0. 0. 1. 0. 1. 1. 0.
 1. 1. 0. 1. 0. 0. 0. 0. 0. 0. 1. 1. 0. 1. 0. 1. 0. 1. 1. 1. 0. 1. 0. 1.
 1. 1. 1. 1. 0. 0. 0. 1. 1. 0. 1. 0. 1. 1. 1. 1. 0. 1. 1. 0. 1. 0. 1. 0.
 0. 0. 1. 1. 0. 0. 0. 1.]",-10.314676551914296,COMPLETE
68,1.8084071765547285,2.240760105038471,0.7119998470448952,106,247,"[1. 1. 1. 1. 1. 1. 0. 1. 0. 1. 1. 1. 1. 0. 1. 1. 1. 1. 1. 0. 1. 1. 1. 0.
 1. 0. 0. 1. 1. 1. 1. 0. 1. 1. 1. 0. 0. 1. 1. 1. 1. 0. 0. 1. 1. 0. 1. 0.
 1. 0. 1. 1. 0. 1. 0. 0. 0. 1. 0. 0. 1. 1. 1. 1. 0. 0. 0. 1. 0. 1. 0. 0.
 1. 1. 1. 1. 1. 0. 0. 1. 0. 0. 0. 1. 0. 1. 0. 1. 1. 1. 1. 1. 1. 0. 0. 0.
 0. 0. 1. 1. 1. 1. 1. 1. 1. 0. 0. 1. 0. 1. 0. 1. 1. 0. 1. 0. 1. 0. 1. 0.
 1. 1. 0. 1. 0. 1. 0. 1. 1. 0. 1. 0. 1. 1. 1. 0. 1. 0. 0. 1. 1. 0. 1. 1.
 0. 0. 1. 1. 0. 0. 0. 1. 1. 1. 0. 1. 1. 0. 1. 0. 1. 0. 0. 1. 1. 1. 1. 0.
 0. 0. 0. 1. 1. 0. 1. 0. 0. 1. 0. 0. 1. 0. 0. 0. 0. 0. 0. 1. 1. 1. 0. 0.
 1. 1. 0. 1. 1. 0. 0. 0.]",-10.091767416648786,COMPLETE
69,2.170923568270963,1.6679781517335739,0.556364957262631,515,229,"[1. 1. 1. 1. 0. 1. 0. 0. 1. 0. 1. 1. 1. 0. 1. 1. 1. 1. 1. 1. 1. 1. 1. 1.
 0. 1. 0. 1. 0. 0. 1. 0. 0. 1. 0. 0. 0. 1. 1. 1. 1. 1. 1. 0. 0. 0. 1. 0.
 0. 0. 0. 0. 0. 0. 1. 0. 0. 0. 1. 0. 0. 0. 1. 1. 1. 1. 1. 0. 1. 1. 0. 1.
 1. 0. 1. 1. 1. 0. 0. 1. 0. 0. 0. 1. 0. 1. 0. 1. 1. 0. 0. 0. 0. 0. 0. 1.
 1. 0. 1. 1. 0. 1. 1. 1. 1. 1. 0. 1. 1. 1. 0. 0. 1. 0. 0. 0. 0. 0. 1. 0.
 1. 0. 0. 1. 0. 0. 0. 0. 0. 1. 1. 1. 0. 0. 0. 0. 1. 0. 0. 1. 1. 0. 1. 1.
 1. 0. 0. 1. 0. 1. 0. 1. 1. 1. 0. 1. 1. 0. 0. 1. 0. 0. 1. 1. 1. 1. 0. 1.
 1. 1. 0. 0. 0. 0. 1. 0. 1. 0. 0. 1. 0. 0. 0. 0. 1. 0. 1. 1. 0. 0. 0. 1.
 0. 0. 1. 1. 1. 0. 0. 0.]",-9.611265080582868,COMPLETE
70,2.0176004455144536,2.3567006312553773,0.6412289960336109,833,186,"[1. 1. 0. 1. 1. 0. 1. 1. 1. 0. 1. 0. 1. 0. 0. 0. 0. 1. 1. 1. 1. 1. 1. 1.
 1. 0. 1. 1. 1. 1. 1. 1. 1. 1. 1. 0. 0. 1. 0. 0. 1. 0. 1. 1. 0. 0. 1. 1.
 0. 0. 0. 1. 0. 1. 0. 0. 0. 0. 1. 0. 0. 1. 1. 0. 1. 0. 1. 0. 1. 0. 1. 0.
 1. 0. 0. 0. 1. 0. 1. 1. 1. 1. 0. 1. 0. 0. 1. 0. 1. 0. 0. 0. 1. 0. 1. 1.
 1. 0. 0. 0. 0. 1. 0. 1. 1. 1. 1. 1. 1. 0. 0. 0. 0. 1. 1. 1. 1. 1. 0. 1.
 1. 0. 1. 1. 0. 0. 1. 0. 0. 0. 1. 0. 1. 1. 0. 0. 1. 1. 0. 1. 1. 0. 0. 1.
 1. 1. 0. 1. 0. 0. 0. 0. 0. 1. 0. 0. 0. 1. 0. 0. 1. 1. 0. 1. 0. 1. 0. 0.
 0. 1. 0. 1. 1. 0. 1. 1. 0. 0. 0. 0. 0. 1. 1. 1. 1. 0. 1. 0. 0. 0. 0. 0.
 1. 0. 0. 1. 1. 0. 0. 1.]",-10.232060212194789,COMPLETE
71,1.8528413791134224,2.386213685752037,0.5053617619955214,353,254,"[1. 0. 1. 0. 0. 0. 0. 1. 1. 0. 1. 0. 0. 0. 1. 0. 1. 0. 0. 0. 1. 0. 0. 0.
 1. 0. 1. 1. 0. 0. 1. 0. 1. 0. 1. 0. 0. 1. 1. 1. 1. 1. 1. 1. 1. 0. 0. 0.
 1. 1. 0. 0. 1. 0. 1. 1. 0. 1. 0. 1. 1. 0. 1. 1. 1. 1. 1. 0. 0. 0. 1. 1.
 1. 0. 0. 0. 0. 0. 0. 1. 1. 1. 0. 0. 0. 0. 0. 1. 1. 1. 0. 1. 0. 0. 0. 1.
 0. 0. 0. 0. 1. 0. 0. 1. 1. 1. 0. 1. 1. 0. 0. 1. 1. 0. 0. 1. 1. 0. 1. 1.
 1. 1. 0. 1. 0. 0. 1. 1. 0. 0. 1. 1. 1. 1. 1. 1. 0. 1. 0. 1. 0. 1. 1. 1.
 1. 1. 0. 1. 1. 1. 0. 1. 1. 1. 1. 1. 1. 1. 1. 0. 1. 0. 0. 1. 1. 1. 0. 1.
 1. 0. 1. 1. 1. 1. 1. 1. 0. 0. 0. 1. 0. 1. 0. 0. 1. 1. 0. 0. 0. 0. 0. 1.
 0. 0. 0. 0. 0. 1. 0. 0.]",-9.768292093255276,COMPLETE
72,1.9109431540266835,2.4891378842368086,0.6753266742264468,300,270,"[1. 1. 0. 1. 0. 1. 1. 0. 1. 1. 1. 1. 0. 0. 0. 1. 1. 1. 0. 0. 1. 0. 1. 0.
 0. 0. 1. 0. 0. 0. 1. 1. 1. 1. 1. 1. 0. 0. 1. 0. 1. 0. 1. 0. 1. 1. 1. 0.
 1. 0. 1. 1. 0. 0. 0. 0. 0. 1. 0. 1. 1. 1. 0. 1. 1. 1. 1. 0. 0. 1. 1. 1.
 0. 0. 1. 1. 1. 0. 0. 1. 1. 1. 1. 0. 0. 1. 0. 0. 1. 0. 1. 1. 1. 0. 0. 1.
 1. 0. 1. 1. 0. 0. 0. 0. 0. 1. 0. 1. 1. 1. 0. 1. 0. 0. 1. 1. 0. 1. 1. 1.
 0. 0. 1. 0. 1. 1. 0. 1. 0. 0. 1. 0. 0. 0. 1. 0. 0. 0. 0. 0. 1. 1. 1. 0.
 1. 1. 0. 1. 1. 1. 0. 1. 0. 1. 0. 0. 0. 1. 0. 1. 1. 1. 0. 1. 0. 0. 0. 0.
 0. 1. 0. 0. 1. 1. 0. 1. 1. 0. 0. 1. 1. 0. 0. 1. 1. 1. 1. 1. 0. 0. 1. 0.
 0. 0. 1. 0. 1. 1. 0. 0.]",-9.282934900818681,COMPLETE
73,1.933574002008708,2.4507701523175136,0.7070046919794859,46,300,"[1. 1. 0. 0. 1. 1. 0. 1. 1. 0. 0. 1. 1. 1. 1. 1. 1. 1. 1. 0. 1. 0. 1. 1.
 1. 1. 1. 1. 0. 0. 0. 1. 1. 1. 1. 1. 1. 0. 1. 1. 1. 1. 1. 1. 0. 0. 1. 0.
 1. 1. 0. 0. 1. 1. 1. 1. 1. 1. 0. 1. 0. 1. 1. 1. 0. 1. 0. 0. 0. 0. 1. 1.
 0. 1. 0. 1. 0. 0. 0. 0. 0. 1. 1. 0. 1. 1. 1. 1. 1. 0. 1. 1. 1. 0. 1. 0.
 1. 1. 0. 1. 0. 0. 0. 1. 1. 1. 0. 0. 1. 0. 1. 1. 1. 1. 1. 1. 1. 1. 1. 0.
 1. 1. 1. 1. 1. 0. 0. 0. 0. 1. 0. 0. 0. 1. 1. 0. 0. 1. 1. 1. 0. 1. 0. 1.
 1. 1. 1. 0. 0. 0. 0. 1. 0. 1. 1. 1. 0. 1. 1. 0. 1. 0. 0. 0. 0. 1. 0. 1.
 0. 1. 0. 0. 1. 0. 0. 1. 0. 1. 1. 0. 1. 1. 0. 1. 1. 1. 1. 1. 1. 0. 0. 1.
 0. 0. 0. 1. 1. 0. 0. 0.]",-9.000369860371414,COMPLETE
74,1.8688328710396191,2.391578480659394,0.754668311638031,138,224,"[1. 1. 1. 0. 1. 1. 0. 1. 1. 0. 1. 0. 1. 0. 0. 1. 0. 1. 1. 0. 1. 1. 0. 0.
 0. 0. 1. 1. 1. 0. 1. 1. 0. 0. 1. 0. 1. 1. 1. 0. 0. 1. 1. 0. 1. 0. 0. 1.
 1. 0. 0. 0. 0. 1. 0. 1. 0. 0. 1. 0. 0. 0. 0. 1. 1. 0. 0. 1. 0. 1. 1. 0.
 0. 0. 1. 0. 1. 0. 0. 1. 0. 1. 0. 1. 0. 1. 0. 0. 0. 0. 0. 1. 0. 1. 1. 1.
 1. 0. 0. 1. 1. 0. 1. 1. 1. 1. 0. 0. 1. 0. 0. 1. 1. 0. 1. 1. 1. 1. 1. 0.
 1. 0. 1. 0. 1. 1. 0. 0. 1. 1. 0. 0. 1. 1. 1. 0. 0. 0. 0. 0. 1. 1. 1. 1.
 0. 0. 1. 1. 1. 1. 0. 0. 0. 1. 0. 1. 0. 0. 0. 0. 0. 1. 0. 1. 0. 1. 0. 1.
 0. 0. 1. 1. 0. 0. 0. 0. 0. 0. 0. 0. 1. 1. 0. 1. 0. 0. 1. 0. 0. 1. 0. 0.
 1. 0. 1. 0. 0. 1. 0. 1.]",-10.204424331094835,COMPLETE
75,1.8179909630370752,2.4292003634037935,0.5843847694730332,60,204,"[1. 0. 0. 0. 0. 1. 1. 0. 1. 0. 1. 0. 1. 1. 1. 0. 0. 0. 0. 0. 0. 0. 1. 0.
 1. 1. 0. 0. 0. 1. 0. 1. 0. 0. 0. 1. 0. 0. 0. 0. 1. 1. 1. 0. 1. 1. 0. 0.
 1. 0. 1. 0. 1. 1. 1. 0. 1. 1. 0. 0. 0. 1. 1. 1. 1. 0. 0. 1. 1. 0. 0. 1.
 1. 1. 0. 0. 0. 0. 0. 0. 1. 1. 1. 1. 0. 0. 0. 1. 0. 1. 1. 0. 0. 1. 0. 1.
 1. 0. 1. 1. 1. 1. 0. 0. 1. 0. 0. 1. 1. 1. 1. 1. 1. 0. 1. 0. 0. 1. 0. 0.
 1. 0. 1. 1. 1. 0. 0. 0. 0. 0. 1. 1. 0. 0. 1. 1. 1. 0. 0. 0. 0. 0. 0. 1.
 1. 0. 1. 0. 0. 1. 0. 0. 1. 1. 1. 1. 0. 0. 0. 1. 1. 1. 0. 1. 1. 1. 0. 1.
 1. 0. 0. 1. 1. 1. 0. 0. 0. 0. 1. 1. 0. 1. 0. 1. 0. 0. 0. 1. 0. 1. 0. 0.
 0. 0. 1. 1. 1. 0. 1. 0.]",-9.728281476699038,COMPLETE
76,1.958156428541335,2.3068809171037565,0.4672189087061004,195,264,"[1. 1. 1. 1. 1. 1. 1. 1. 1. 1. 1. 0. 1. 0. 1. 1. 1. 0. 1. 0. 0. 1. 0. 0.
 0. 1. 1. 0. 1. 0. 0. 0. 1. 0. 0. 1. 1. 1. 0. 1. 1. 1. 1. 1. 1. 0. 0. 1.
 1. 0. 0. 0. 1. 1. 1. 1. 0. 1. 1. 1. 1. 1. 1. 1. 1. 1. 1. 0. 0. 0. 1. 0.
 1. 0. 0. 1. 1. 0. 0. 1. 0. 0. 1. 1. 0. 1. 0. 1. 1. 1. 1. 1. 1. 1. 0. 1.
 1. 1. 1. 1. 1. 1. 0. 0. 1. 1. 0. 1. 0. 0. 0. 0. 1. 0. 0. 0. 1. 1. 1. 0.
 1. 1. 0. 0. 0. 1. 0. 1. 1. 1. 1. 0. 1. 0. 1. 0. 1. 1. 1. 0. 0. 0. 0. 1.
 1. 0. 1. 0. 0. 0. 1. 0. 1. 1. 1. 0. 0. 1. 1. 0. 1. 0. 1. 1. 0. 0. 0. 0.
 0. 0. 0. 0. 1. 1. 0. 0. 0. 0. 1. 1. 1. 1. 1. 1. 1. 0. 0. 0. 1. 1. 1. 1.
 1. 0. 0. 0. 1. 0. 0. 0.]",-9.480066613091026,COMPLETE
77,1.7621458460626953,2.3668308088435257,0.6425059219744784,599,237,"[1. 0. 0. 1. 0. 1. 0. 1. 1. 1. 0. 0. 1. 0. 0. 1. 1. 1. 1. 1. 1. 1. 1. 1.
 1. 1. 1. 0. 0. 1. 0. 0. 1. 0. 1. 1. 0. 0. 0. 0. 1. 0. 1. 0. 1. 1. 1. 0.
 0. 1. 0. 0. 1. 1. 0. 1. 0. 1. 1. 0. 1. 0. 0. 0. 1. 1. 0. 0. 0. 1. 0. 1.
 1. 0. 0. 1. 1. 0. 0. 0. 0. 0. 1. 0. 0. 1. 1. 1. 0. 0. 0. 0. 1. 0. 1. 1.
 1. 0. 1. 1. 0. 0. 1. 1. 0. 1. 0. 1. 0. 1. 0. 0. 1. 0. 0. 0. 0. 1. 1. 0.
 0. 1. 1. 0. 1. 1. 1. 1. 1. 1. 0. 1. 0. 0. 0. 1. 0. 0. 1. 0. 1. 0. 0. 1.
 1. 1. 1. 1. 0. 1. 1. 0. 1. 1. 0. 0. 1. 0. 0. 0. 1. 0. 1. 0. 0. 1. 0. 1.
 0. 1. 1. 0. 1. 1. 1. 1. 0. 0. 0. 0. 0. 0. 0. 1. 1. 1. 0. 1. 0. 1. 0. 0.
 0. 0. 0. 1. 1. 0. 0. 1.]",-9.36583925198196,COMPLETE
78,1.98819698179967,2.1599546689844313,0.6622691543988186,229,299,"[1. 1. 1. 0. 0. 1. 0. 0. 1. 0. 0. 1. 1. 0. 0. 1. 1. 0. 1. 0. 1. 1. 0. 0.
 1. 0. 0. 0. 1. 1. 1. 1. 1. 0. 1. 0. 0. 0. 1. 0. 1. 0. 1. 1. 1. 0. 1. 1.
 0. 1. 1. 0. 0. 1. 1. 0. 0. 1. 0. 1. 0. 0. 0. 1. 1. 1. 0. 0. 1. 1. 0. 0.
 1. 0. 0. 0. 1. 1. 1. 0. 0. 1. 1. 1. 0. 1. 1. 1. 1. 0. 1. 1. 1. 1. 0. 1.
 1. 0. 0. 1. 1. 0. 1. 1. 0. 1. 1. 1. 0. 1. 1. 0. 1. 0. 1. 1. 0. 1. 1. 0.
 1. 1. 0. 1. 1. 1. 0. 1. 1. 0. 1. 1. 1. 1. 1. 0. 0. 0. 1. 0. 0. 0. 1. 0.
 0. 1. 1. 0. 1. 0. 0. 0. 1. 0. 0. 1. 0. 0. 0. 0. 1. 0. 1. 0. 0. 0. 0. 1.
 1. 1. 0. 1. 0. 1. 1. 0. 0. 0. 0. 0. 0. 1. 0. 1. 1. 0. 0. 1. 0. 1. 1. 1.
 1. 0. 1. 1. 1. 0. 0. 0.]",-9.911987939011041,COMPLETE
79,2.0679619100471838,2.060838632530198,0.5078778877125198,393,172,"[1. 0. 0. 0. 0. 0. 1. 0. 1. 1. 1. 1. 1. 0. 1. 1. 0. 1. 1. 1. 1. 1. 0. 1.
 1. 0. 0. 0. 0. 1. 0. 1. 1. 1. 1. 0. 0. 0. 0. 1. 0. 1. 1. 1. 0. 0. 1. 1.
 0. 0. 1. 0. 0. 1. 0. 1. 0. 1. 0. 1. 0. 1. 0. 1. 1. 0. 1. 0. 1. 0. 1. 1.
 1. 1. 0. 0. 0. 1. 1. 1. 1. 0. 0. 1. 0. 1. 1. 1. 1. 0. 0. 1. 1. 1. 0. 0.
 0. 1. 0. 0. 1. 1. 0. 1. 0. 1. 0. 1. 1. 1. 1. 1. 0. 0. 1. 0. 1. 1. 0. 0.
 1. 1. 1. 0. 1. 1. 1. 1. 0. 1. 1. 1. 1. 0. 0. 1. 1. 0. 1. 0. 1. 1. 1. 1.
 1. 0. 1. 0. 0. 1. 1. 0. 1. 0. 1. 0. 0. 1. 0. 0. 1. 0. 1. 1. 0. 1. 0. 1.
 0. 1. 0. 0. 1. 0. 0. 1. 1. 0. 0. 1. 1. 1. 0. 1. 1. 0. 1. 1. 1. 0. 1. 1.
 0. 0. 0. 1. 0. 0. 1. 0.]",-10.394099080478185,COMPLETE
80,1.9167638345902878,2.321695250625971,0.8017580462209577,701,108,"[1. 1. 1. 0. 1. 1. 1. 1. 1. 1. 0. 0. 1. 0. 0. 0. 1. 1. 0. 1. 1. 1. 0. 1.
 1. 0. 1. 0. 0. 0. 1. 0. 0. 0. 0. 0. 1. 1. 1. 0. 0. 1. 1. 1. 0. 1. 1. 0.
 1. 1. 1. 0. 0. 1. 0. 0. 1. 1. 1. 0. 0. 1. 0. 1. 1. 0. 0. 1. 1. 0. 1. 1.
 0. 1. 1. 0. 1. 0. 1. 0. 1. 0. 1. 1. 1. 0. 1. 0. 1. 1. 1. 1. 0. 0. 0. 0.
 0. 1. 1. 0. 1. 1. 1. 1. 0. 0. 0. 1. 1. 0. 1. 1. 1. 0. 1. 0. 1. 1. 1. 0.
 1. 0. 0. 1. 1. 1. 0. 1. 0. 1. 1. 1. 0. 1. 1. 1. 0. 0. 1. 1. 0. 1. 0. 0.
 1. 0. 1. 1. 0. 0. 1. 0. 1. 0. 1. 0. 0. 1. 0. 1. 0. 1. 0. 1. 1. 0. 1. 1.
 0. 1. 0. 1. 0. 0. 0. 1. 0. 1. 1. 1. 1. 0. 0. 1. 0. 0. 0. 1. 1. 1. 1. 1.
 1. 1. 0. 1. 0. 0. 0. 0.]",-9.755663071685717,COMPLETE
81,1.8925847645567786,2.4094389295492893,0.7101116392793492,89,269,"[1. 0. 0. 1. 1. 1. 1. 1. 1. 1. 0. 0. 1. 1. 1. 1. 1. 1. 1. 1. 1. 1. 1. 0.
 1. 1. 0. 0. 1. 0. 1. 0. 1. 1. 1. 0. 1. 1. 0. 0. 1. 1. 0. 0. 1. 0. 1. 1.
 0. 1. 0. 0. 1. 1. 0. 1. 0. 0. 1. 1. 1. 1. 1. 1. 0. 1. 0. 0. 0. 0. 1. 0.
 1. 1. 1. 0. 0. 0. 1. 0. 1. 1. 0. 1. 1. 1. 0. 1. 1. 1. 1. 0. 1. 0. 0. 1.
 0. 0. 1. 1. 1. 1. 1. 0. 1. 0. 0. 0. 0. 1. 1. 0. 0. 1. 0. 1. 0. 0. 0. 0.
 1. 0. 1. 1. 1. 0. 1. 1. 0. 1. 0. 1. 1. 1. 0. 0. 1. 0. 0. 1. 0. 1. 0. 1.
 0. 0. 1. 1. 0. 1. 0. 0. 1. 1. 0. 0. 0. 1. 0. 1. 1. 1. 0. 1. 1. 0. 0. 1.
 0. 1. 0. 1. 1. 1. 0. 1. 1. 1. 0. 1. 1. 1. 0. 1. 0. 1. 0. 1. 1. 1. 1. 0.
 1. 0. 1. 0. 0. 0. 0. 0.]",-9.619300947691698,COMPLETE
82,1.8649446880316232,2.3461863615571916,0.7225466323767102,75,271,"[0. 0. 1. 0. 1. 0. 0. 1. 1. 1. 0. 0. 1. 1. 0. 0. 1. 0. 0. 1. 0. 1. 1. 0.
 1. 0. 1. 0. 1. 0. 1. 0. 1. 0. 1. 1. 1. 0. 1. 1. 0. 1. 0. 0. 0. 1. 0. 1.
 0. 0. 0. 1. 1. 0. 0. 0. 1. 1. 1. 0. 1. 1. 0. 1. 1. 0. 0. 0. 0. 1. 1. 0.
 1. 0. 1. 0. 1. 1. 1. 0. 0. 0. 1. 1. 1. 1. 1. 0. 1. 0. 0. 1. 1. 0. 1. 1.
 0. 1. 0. 0. 1. 0. 1. 1. 1. 0. 1. 0. 1. 0. 0. 0. 1. 1. 0. 0. 1. 1. 1. 0.
 0. 1. 1. 1. 0. 1. 0. 1. 0. 1. 0. 1. 0. 0. 1. 1. 0. 0. 0. 0. 1. 0. 1. 0.
 0. 1. 0. 1. 0. 0. 0. 0. 1. 0. 1. 0. 0. 1. 0. 0. 1. 1. 1. 1. 0. 1. 0. 0.
 0. 0. 0. 0. 0. 0. 0. 0. 1. 1. 0. 0. 0. 1. 0. 1. 1. 1. 1. 1. 0. 1. 1. 0.
 1. 0. 1. 1. 1. 0. 0. 0.]",-9.880581188907506,COMPLETE
83,1.9390714235823507,2.4645556395367194,0.6867312407809381,61,248,"[1. 1. 1. 0. 1. 1. 0. 0. 0. 1. 1. 0. 1. 1. 1. 1. 0. 1. 0. 0. 1. 1. 1. 0.
 0. 0. 1. 1. 0. 1. 0. 1. 1. 0. 0. 1. 1. 0. 0. 0. 0. 0. 1. 0. 1. 1. 1. 1.
 0. 1. 1. 1. 0. 1. 0. 1. 1. 0. 0. 1. 1. 0. 0. 1. 1. 0. 0. 0. 1. 0. 1. 1.
 1. 1. 1. 1. 0. 0. 0. 0. 0. 0. 0. 1. 0. 0. 0. 0. 0. 0. 0. 1. 0. 0. 1. 0.
 0. 1. 0. 1. 1. 1. 0. 1. 0. 0. 1. 0. 0. 0. 1. 1. 1. 0. 0. 0. 0. 1. 1. 0.
 1. 1. 1. 1. 0. 1. 1. 0. 1. 1. 1. 0. 0. 1. 0. 1. 1. 0. 0. 0. 1. 1. 1. 1.
 1. 0. 1. 1. 1. 0. 0. 0. 0. 1. 1. 1. 1. 1. 0. 1. 1. 0. 1. 1. 1. 0. 0. 1.
 1. 0. 1. 0. 1. 1. 0. 1. 0. 1. 0. 0. 1. 1. 0. 0. 0. 0. 0. 1. 1. 0. 1. 1.
 1. 1. 1. 0. 0. 0. 0. 1.]",-9.631711516082483,COMPLETE
84,1.897958579420123,2.3270762309945585,0.6054902476197274,107,215,"[1. 0. 1. 1. 0. 1. 0. 0. 1. 1. 1. 0. 1. 0. 0. 0. 0. 1. 1. 0. 0. 1. 1. 1.
 1. 0. 1. 1. 1. 0. 0. 0. 1. 0. 1. 0. 1. 0. 1. 0. 0. 0. 1. 0. 0. 0. 1. 0.
 1. 0. 0. 1. 1. 1. 1. 0. 1. 1. 1. 0. 1. 0. 1. 1. 0. 1. 1. 1. 1. 1. 0. 1.
 1. 1. 0. 1. 1. 0. 1. 0. 0. 1. 0. 0. 0. 0. 0. 0. 1. 0. 0. 1. 1. 1. 0. 1.
 0. 1. 1. 1. 1. 1. 0. 1. 1. 0. 0. 1. 1. 1. 1. 1. 0. 0. 0. 0. 0. 1. 1. 1.
 1. 0. 0. 0. 0. 0. 0. 1. 1. 0. 1. 1. 0. 1. 0. 0. 1. 0. 0. 1. 1. 0. 0. 1.
 1. 0. 0. 1. 0. 0. 0. 0. 0. 1. 0. 1. 0. 0. 1. 0. 1. 0. 1. 1. 1. 0. 1. 0.
 1. 1. 1. 0. 1. 1. 1. 1. 1. 1. 1. 1. 0. 1. 0. 1. 1. 1. 1. 1. 0. 1. 1. 1.
 1. 0. 1. 0. 0. 0. 0. 0.]",-9.021502026706827,COMPLETE
85,1.950882876123446,1.577654890400224,0.755207685159893,455,277,"[1. 1. 1. 1. 1. 1. 1. 1. 0. 1. 0. 0. 1. 0. 1. 0. 1. 1. 1. 0. 1. 1. 1. 0.
 1. 1. 1. 1. 1. 1. 1. 1. 0. 1. 1. 0. 0. 1. 1. 0. 1. 1. 1. 0. 1. 0. 1. 0.
 1. 1. 0. 1. 1. 0. 0. 0. 1. 1. 0. 0. 0. 0. 1. 1. 0. 0. 1. 0. 0. 0. 0. 0.
 0. 0. 0. 0. 0. 0. 1. 0. 1. 0. 1. 0. 0. 0. 1. 1. 1. 0. 1. 0. 0. 0. 0. 0.
 0. 1. 1. 1. 0. 1. 0. 1. 1. 0. 0. 1. 1. 1. 0. 1. 1. 1. 1. 0. 0. 1. 1. 0.
 0. 1. 0. 1. 1. 1. 1. 1. 0. 0. 0. 0. 0. 0. 0. 1. 0. 0. 1. 1. 0. 1. 1. 1.
 1. 1. 0. 1. 0. 1. 1. 0. 0. 1. 1. 1. 1. 1. 0. 0. 0. 1. 0. 0. 0. 1. 0. 1.
 0. 1. 0. 0. 0. 1. 1. 1. 0. 0. 0. 1. 0. 1. 0. 1. 0. 1. 0. 0. 0. 1. 0. 0.
 1. 1. 0. 1. 1. 1. 1. 1.]",-9.980986670162373,COMPLETE
86,1.8244412140106638,1.6221516604624153,0.627389582563221,85,196,"[1. 1. 1. 1. 0. 0. 1. 0. 1. 1. 0. 0. 0. 0. 1. 0. 1. 0. 0. 0. 1. 1. 1. 0.
 1. 0. 1. 0. 1. 0. 0. 0. 1. 0. 1. 0. 0. 1. 0. 0. 0. 1. 1. 0. 0. 0. 1. 0.
 0. 0. 1. 0. 0. 1. 1. 1. 1. 1. 1. 0. 0. 1. 1. 0. 1. 0. 1. 1. 1. 0. 0. 1.
 1. 0. 0. 0. 0. 1. 1. 1. 0. 1. 0. 1. 0. 1. 1. 1. 0. 1. 1. 0. 1. 1. 0. 1.
 1. 0. 0. 1. 0. 1. 1. 0. 0. 0. 0. 1. 1. 0. 0. 1. 1. 1. 1. 0. 1. 1. 1. 1.
 1. 0. 1. 0. 0. 0. 0. 0. 1. 1. 1. 0. 1. 1. 1. 0. 1. 0. 0. 1. 1. 1. 0. 0.
 1. 0. 1. 1. 0. 0. 0. 1. 1. 1. 0. 0. 0. 0. 0. 1. 1. 0. 0. 1. 1. 1. 0. 1.
 1. 1. 0. 0. 1. 1. 0. 0. 0. 1. 0. 0. 1. 0. 1. 1. 1. 0. 1. 0. 1. 0. 0. 0.
 1. 1. 1. 1. 0. 0. 0. 0.]",-9.74765061450227,COMPLETE
87,2.024160846751323,2.49759420592209,0.7428907907571913,287,234,"[1. 1. 1. 0. 1. 1. 0. 1. 1. 0. 0. 0. 1. 0. 1. 0. 1. 1. 1. 0. 1. 1. 1. 0.
 1. 0. 0. 1. 1. 0. 0. 1. 0. 1. 1. 1. 0. 0. 0. 0. 1. 0. 1. 0. 0. 0. 0. 1.
 1. 1. 0. 1. 0. 0. 0. 1. 1. 0. 0. 1. 0. 1. 0. 0. 0. 1. 1. 0. 0. 0. 1. 1.
 0. 0. 1. 1. 1. 0. 1. 0. 1. 1. 0. 1. 0. 0. 0. 1. 1. 1. 1. 1. 1. 1. 1. 1.
 0. 0. 0. 0. 1. 0. 0. 0. 1. 1. 0. 1. 0. 1. 1. 1. 0. 0. 1. 0. 1. 0. 1. 1.
 1. 0. 1. 0. 0. 0. 1. 1. 1. 0. 0. 1. 0. 1. 0. 0. 1. 1. 0. 1. 1. 1. 0. 1.
 1. 1. 0. 0. 0. 1. 0. 0. 1. 1. 1. 0. 0. 0. 0. 0. 0. 0. 0. 0. 0. 0. 1. 0.
 0. 1. 0. 1. 0. 0. 1. 1. 1. 0. 0. 1. 1. 1. 0. 1. 0. 0. 1. 1. 0. 0. 0. 0.
 1. 0. 1. 1. 0. 0. 0. 0.]",-9.847084734290881,COMPLETE
88,1.7828568570850867,2.3729810384415653,0.6844056114856888,536,258,"[1. 1. 0. 1. 0. 1. 1. 1. 1. 1. 1. 0. 0. 0. 1. 1. 0. 1. 1. 0. 1. 1. 1. 0.
 1. 0. 1. 1. 1. 1. 0. 0. 1. 0. 1. 0. 0. 0. 1. 0. 1. 0. 1. 0. 1. 0. 1. 0.
 1. 0. 1. 1. 0. 0. 0. 1. 1. 1. 0. 1. 0. 1. 1. 1. 1. 1. 1. 0. 0. 1. 1. 1.
 1. 1. 0. 1. 1. 1. 0. 0. 1. 0. 0. 1. 0. 0. 0. 1. 1. 1. 0. 0. 0. 1. 1. 1.
 0. 1. 0. 1. 0. 1. 0. 1. 0. 0. 1. 1. 1. 0. 0. 0. 0. 0. 0. 1. 0. 0. 0. 1.
 1. 1. 0. 0. 0. 0. 1. 0. 0. 1. 1. 1. 0. 0. 1. 1. 0. 1. 0. 0. 0. 0. 0. 0.
 1. 1. 0. 0. 1. 0. 1. 1. 0. 1. 0. 0. 0. 0. 0. 0. 1. 1. 0. 1. 0. 1. 0. 1.
 0. 1. 0. 0. 0. 1. 0. 0. 0. 1. 0. 1. 1. 0. 1. 1. 0. 0. 1. 1. 1. 0. 1. 0.
 1. 0. 1. 1. 1. 0. 0. 0.]",-10.476322298306513,COMPLETE
89,2.250775091128383,1.8646033291431028,0.5639525009132118,51,300,"[1. 1. 0. 1. 1. 0. 0. 1. 0. 1. 1. 1. 1. 1. 0. 1. 1. 0. 1. 0. 1. 0. 1. 0.
 1. 0. 1. 1. 1. 0. 1. 0. 0. 0. 1. 0. 1. 1. 0. 1. 1. 1. 0. 0. 0. 1. 0. 1.
 1. 0. 0. 0. 1. 1. 0. 1. 0. 0. 0. 1. 1. 1. 0. 1. 1. 1. 1. 0. 1. 0. 1. 1.
 1. 0. 0. 1. 0. 0. 0. 0. 1. 1. 1. 1. 1. 0. 1. 0. 0. 1. 0. 1. 0. 1. 1. 1.
 0. 1. 0. 0. 0. 1. 1. 0. 0. 1. 1. 0. 1. 0. 1. 0. 1. 1. 0. 0. 1. 0. 1. 1.
 1. 1. 0. 1. 1. 1. 1. 0. 0. 1. 0. 0. 1. 1. 1. 1. 1. 1. 0. 0. 0. 1. 0. 1.
 0. 0. 0. 1. 0. 1. 0. 0. 0. 0. 1. 1. 0. 0. 0. 1. 1. 0. 1. 1. 0. 0. 0. 1.
 0. 1. 1. 1. 1. 1. 0. 0. 0. 0. 1. 1. 1. 1. 0. 1. 0. 0. 1. 1. 0. 0. 1. 0.
 1. 0. 1. 0. 0. 0. 0. 0.]",-10.037624092832885,COMPLETE
90,1.9861265656692235,1.5255880812135445,0.772830569364749,182,16,"[0. 0. 1. 1. 0. 1. 1. 1. 1. 1. 0. 1. 1. 0. 1. 1. 1. 1. 1. 0. 0. 0. 1. 0.
 1. 1. 1. 0. 0. 1. 1. 0. 1. 0. 0. 1. 1. 0. 1. 1. 0. 1. 1. 1. 1. 0. 1. 1.
 0. 0. 1. 0. 1. 0. 0. 0. 0. 1. 0. 1. 0. 1. 1. 1. 0. 0. 0. 0. 1. 0. 0. 1.
 1. 0. 0. 0. 0. 1. 1. 1. 1. 0. 1. 0. 1. 0. 1. 1. 1. 1. 0. 0. 0. 0. 1. 1.
 0. 0. 1. 0. 1. 1. 0. 1. 0. 1. 1. 0. 1. 1. 1. 0. 1. 1. 0. 1. 0. 0. 1. 1.
 0. 1. 0. 1. 1. 1. 1. 0. 0. 1. 1. 1. 0. 1. 0. 1. 1. 0. 0. 0. 1. 1. 0. 1.
 1. 1. 0. 1. 1. 0. 1. 1. 0. 1. 0. 0. 1. 0. 1. 0. 0. 1. 0. 0. 0. 1. 1. 1.
 0. 0. 0. 0. 1. 1. 1. 0. 0. 0. 0. 1. 1. 0. 0. 1. 0. 1. 0. 0. 0. 1. 0. 0.
 1. 0. 0. 1. 1. 1. 1. 1.]",-9.19770773609315,COMPLETE
91,1.7664519905709908,2.370291476912079,0.6903616636822665,38,256,"[1. 1. 1. 0. 1. 1. 0. 0. 0. 0. 1. 1. 1. 0. 1. 0. 1. 1. 1. 1. 1. 0. 0. 1.
 1. 0. 1. 0. 1. 1. 1. 0. 1. 1. 1. 0. 1. 1. 1. 0. 1. 0. 1. 0. 1. 0. 1. 1.
 0. 1. 1. 1. 1. 0. 1. 1. 0. 0. 1. 0. 0. 1. 1. 0. 1. 0. 0. 1. 1. 1. 1. 0.
 1. 1. 0. 1. 1. 0. 1. 0. 0. 0. 1. 1. 1. 0. 0. 0. 1. 1. 1. 0. 0. 0. 0. 1.
 0. 1. 1. 1. 0. 1. 1. 1. 1. 1. 1. 1. 1. 0. 0. 0. 0. 0. 0. 1. 1. 0. 0. 1.
 1. 1. 0. 1. 0. 1. 0. 0. 1. 0. 0. 1. 0. 0. 0. 1. 0. 0. 0. 1. 1. 0. 1. 1.
 1. 0. 1. 0. 1. 0. 0. 1. 0. 1. 0. 0. 0. 1. 0. 1. 0. 0. 0. 0. 0. 0. 1. 1.
 1. 1. 0. 0. 1. 0. 0. 1. 0. 0. 0. 1. 0. 1. 0. 1. 0. 0. 1. 1. 1. 0. 0. 0.
 1. 0. 1. 0. 0. 0. 1. 0.]",-9.815922308176624,COMPLETE
92,1.8442819237094081,2.434257885200661,0.8218152291882723,515,232,"[0. 1. 0. 0. 0. 0. 1. 1. 1. 0. 0. 1. 1. 0. 1. 1. 1. 1. 1. 0. 1. 1. 1. 0.
 1. 1. 1. 0. 1. 0. 1. 1. 1. 0. 1. 0. 0. 0. 1. 0. 1. 1. 1. 1. 0. 1. 1. 1.
 0. 0. 0. 0. 1. 0. 0. 1. 0. 1. 0. 1. 0. 0. 1. 1. 1. 0. 0. 0. 1. 0. 0. 1.
 1. 1. 0. 0. 0. 0. 1. 0. 1. 0. 1. 0. 0. 0. 1. 0. 0. 1. 1. 1. 0. 1. 1. 1.
 1. 0. 0. 0. 1. 1. 1. 0. 1. 1. 0. 1. 1. 1. 0. 1. 0. 0. 0. 1. 1. 1. 0. 0.
 1. 1. 0. 0. 1. 1. 0. 0. 1. 0. 1. 0. 0. 1. 1. 1. 0. 1. 0. 0. 1. 0. 1. 1.
 0. 0. 1. 0. 1. 1. 1. 0. 1. 0. 0. 0. 1. 1. 1. 1. 1. 0. 0. 1. 0. 1. 0. 1.
 1. 1. 0. 1. 1. 1. 0. 1. 1. 1. 0. 1. 0. 1. 1. 1. 0. 0. 1. 1. 0. 0. 0. 0.
 1. 1. 0. 1. 0. 1. 0. 0.]",-10.35675495449972,COMPLETE
93,1.7246112352683722,1.9775631963039793,0.7153023529025244,75,279,"[1. 1. 0. 1. 1. 1. 1. 0. 1. 1. 1. 1. 1. 1. 1. 0. 1. 0. 0. 0. 1. 0. 1. 0.
 0. 0. 1. 0. 1. 0. 1. 0. 1. 0. 1. 0. 0. 1. 1. 1. 1. 0. 0. 1. 1. 0. 0. 1.
 1. 0. 0. 1. 0. 1. 1. 0. 0. 0. 0. 1. 1. 0. 1. 1. 1. 0. 1. 1. 1. 1. 0. 1.
 1. 1. 1. 0. 0. 0. 0. 1. 0. 0. 0. 1. 0. 0. 1. 0. 1. 0. 0. 0. 1. 0. 0. 0.
 1. 0. 0. 1. 1. 1. 1. 1. 1. 1. 0. 1. 1. 1. 0. 0. 0. 0. 1. 1. 1. 1. 1. 0.
 1. 1. 1. 0. 1. 1. 1. 0. 1. 1. 0. 1. 1. 0. 1. 1. 0. 1. 0. 0. 1. 1. 0. 1.
 0. 1. 0. 0. 1. 0. 1. 0. 0. 1. 0. 1. 0. 1. 1. 0. 0. 0. 0. 1. 1. 1. 0. 0.
 1. 0. 1. 1. 1. 1. 0. 1. 1. 0. 0. 1. 1. 1. 1. 0. 0. 0. 0. 1. 0. 0. 0. 0.
 0. 0. 0. 1. 0. 1. 0. 1.]",-10.301779189286115,COMPLETE
94,1.8807637384003344,2.2813474134442613,0.6517888717547754,548,257,"[0. 1. 1. 0. 1. 1. 1. 0. 1. 1. 1. 0. 1. 0. 0. 1. 1. 1. 1. 0. 1. 1. 1. 1.
 1. 1. 1. 0. 0. 1. 0. 0. 1. 0. 1. 0. 1. 0. 1. 1. 0. 0. 1. 1. 0. 0. 1. 1.
 1. 1. 1. 1. 1. 0. 0. 1. 0. 0. 1. 1. 0. 1. 1. 1. 1. 1. 0. 0. 0. 1. 1. 1.
 1. 1. 1. 0. 0. 1. 0. 0. 0. 0. 1. 0. 0. 0. 1. 1. 1. 1. 1. 1. 1. 1. 1. 1.
 0. 1. 0. 0. 1. 1. 0. 1. 1. 1. 1. 0. 1. 0. 0. 0. 0. 0. 0. 1. 1. 0. 1. 1.
 0. 0. 1. 0. 1. 0. 1. 0. 1. 0. 1. 0. 1. 1. 1. 1. 0. 1. 0. 1. 1. 1. 0. 1.
 0. 0. 0. 1. 0. 1. 0. 0. 1. 1. 1. 1. 1. 1. 1. 0. 0. 0. 0. 0. 0. 1. 1. 0.
 0. 1. 1. 1. 0. 1. 0. 1. 0. 0. 0. 0. 1. 1. 1. 1. 0. 0. 1. 0. 0. 0. 1. 1.
 1. 1. 0. 0. 0. 0. 0. 1.]",-9.680524513006745,COMPLETE
95,1.6402353126215536,2.387076576608565,0.5414117265791547,861,214,"[1. 1. 0. 0. 0. 1. 0. 0. 1. 1. 1. 1. 1. 0. 1. 0. 1. 0. 1. 0. 1. 1. 0. 1.
 1. 1. 1. 0. 1. 1. 0. 0. 1. 0. 0. 0. 1. 0. 1. 0. 1. 1. 1. 1. 1. 0. 0. 1.
 0. 0. 1. 1. 0. 1. 1. 1. 1. 0. 0. 0. 0. 1. 0. 1. 1. 1. 1. 1. 1. 1. 0. 0.
 1. 0. 1. 0. 0. 1. 0. 0. 1. 1. 1. 0. 1. 0. 1. 0. 0. 1. 0. 1. 0. 0. 0. 0.
 1. 0. 1. 0. 1. 1. 1. 1. 1. 0. 1. 0. 0. 1. 0. 1. 1. 0. 0. 0. 0. 0. 1. 1.
 1. 1. 1. 0. 0. 1. 0. 1. 0. 0. 0. 1. 1. 1. 0. 1. 0. 0. 1. 0. 1. 1. 1. 1.
 1. 0. 1. 1. 1. 1. 1. 0. 0. 1. 0. 1. 1. 1. 0. 0. 1. 0. 0. 0. 0. 1. 1. 1.
 0. 0. 0. 0. 1. 1. 1. 0. 0. 1. 0. 1. 0. 1. 0. 0. 0. 0. 0. 1. 1. 0. 0. 1.
 1. 0. 1. 0. 1. 0. 1. 0.]",-10.299595605426063,COMPLETE
96,1.794113457990924,2.336343936463473,0.6702200532708826,66,188,"[1. 1. 1. 1. 0. 0. 0. 0. 0. 0. 1. 1. 1. 0. 1. 1. 1. 0. 0. 0. 1. 1. 1. 0.
 1. 0. 1. 0. 1. 0. 0. 0. 1. 1. 1. 0. 1. 0. 1. 0. 0. 0. 1. 1. 0. 0. 0. 1.
 1. 1. 0. 1. 0. 0. 0. 1. 0. 1. 1. 1. 0. 1. 1. 1. 1. 1. 0. 1. 1. 0. 0. 1.
 0. 1. 1. 0. 1. 1. 1. 1. 1. 1. 1. 0. 0. 0. 1. 0. 0. 0. 1. 0. 0. 0. 0. 1.
 1. 0. 0. 0. 1. 1. 1. 1. 0. 1. 1. 1. 0. 1. 0. 0. 0. 0. 1. 1. 1. 0. 1. 1.
 0. 1. 0. 0. 0. 1. 0. 1. 1. 1. 1. 1. 0. 0. 0. 1. 1. 0. 0. 0. 1. 1. 1. 1.
 1. 0. 0. 0. 1. 0. 0. 0. 0. 1. 0. 0. 1. 1. 0. 0. 1. 1. 0. 0. 1. 0. 1. 1.
 1. 0. 1. 0. 1. 0. 1. 0. 0. 0. 0. 1. 0. 1. 0. 1. 1. 0. 1. 0. 0. 0. 1. 1.
 1. 0. 0. 0. 0. 1. 0. 1.]",-10.42615591946005,COMPLETE
97,1.9185827459252962,2.238802162577452,0.6944354806608232,685,240,"[1. 0. 1. 1. 1. 0. 0. 1. 1. 1. 1. 1. 1. 0. 1. 0. 1. 1. 0. 1. 0. 0. 1. 1.
 1. 1. 0. 0. 1. 1. 1. 1. 1. 0. 1. 0. 0. 1. 1. 1. 0. 1. 1. 1. 0. 1. 0. 0.
 0. 0. 0. 0. 0. 0. 0. 1. 0. 1. 0. 1. 1. 1. 0. 1. 0. 1. 0. 1. 0. 0. 0. 1.
 1. 0. 0. 1. 1. 0. 0. 1. 1. 1. 0. 1. 0. 1. 1. 1. 1. 1. 0. 0. 0. 0. 0. 0.
 0. 0. 0. 1. 0. 0. 1. 1. 0. 0. 0. 1. 1. 0. 0. 0. 1. 1. 1. 0. 0. 1. 1. 1.
 1. 1. 1. 0. 1. 1. 0. 1. 0. 0. 1. 1. 0. 1. 0. 1. 0. 0. 0. 1. 1. 0. 1. 1.
 1. 1. 1. 0. 1. 1. 0. 0. 1. 0. 0. 1. 1. 0. 0. 0. 1. 0. 0. 1. 1. 1. 1. 0.
 0. 0. 0. 0. 0. 1. 1. 0. 1. 0. 1. 0. 0. 1. 1. 0. 0. 0. 1. 0. 1. 0. 0. 0.
 1. 0. 1. 0. 1. 0. 0. 1.]",-10.098506488112982,COMPLETE
98,1.8585260665378907,1.534937542596694,0.6004887198765548,381,278,"[1. 1. 1. 0. 1. 1. 1. 1. 1. 1. 0. 1. 0. 0. 1. 1. 1. 1. 0. 1. 1. 1. 1. 1.
 1. 0. 1. 0. 1. 0. 1. 1. 1. 1. 0. 1. 0. 1. 1. 1. 1. 1. 1. 0. 0. 0. 0. 0.
 1. 0. 0. 1. 0. 0. 0. 0. 1. 1. 1. 1. 1. 1. 1. 1. 0. 1. 0. 0. 0. 0. 0. 1.
 0. 1. 1. 0. 1. 0. 0. 1. 1. 0. 1. 0. 0. 1. 1. 1. 1. 0. 1. 0. 0. 1. 1. 1.
 1. 0. 1. 1. 1. 0. 0. 1. 1. 1. 0. 0. 1. 0. 0. 1. 1. 1. 1. 0. 1. 1. 0. 1.
 1. 1. 1. 0. 0. 1. 0. 1. 0. 0. 0. 0. 0. 0. 0. 1. 0. 0. 1. 1. 0. 0. 0. 0.
 1. 0. 1. 0. 1. 0. 1. 1. 1. 0. 1. 1. 0. 1. 0. 1. 1. 1. 0. 1. 1. 0. 0. 1.
 0. 0. 1. 1. 0. 1. 0. 0. 1. 0. 0. 0. 0. 1. 0. 0. 1. 0. 1. 0. 0. 1. 0. 0.
 0. 1. 1. 0. 0. 0. 0. 0.]",-10.451283620525743,COMPLETE
99,1.678850293139497,1.6941363479508902,0.7421159494118561,323,257,"[1. 0. 1. 1. 0. 1. 0. 1. 1. 1. 0. 1. 0. 1. 1. 1. 1. 0. 1. 1. 1. 1. 1. 0.
 1. 0. 1. 0. 0. 0. 1. 0. 1. 0. 1. 0. 1. 1. 1. 0. 1. 1. 1. 1. 0. 1. 0. 1.
 1. 1. 0. 1. 0. 1. 0. 0. 1. 0. 1. 1. 1. 1. 1. 1. 1. 1. 0. 0. 1. 1. 0. 1.
 0. 0. 0. 1. 1. 0. 0. 1. 1. 0. 1. 1. 0. 0. 1. 0. 1. 1. 0. 1. 0. 0. 0. 0.
 0. 1. 1. 0. 0. 1. 0. 1. 1. 0. 0. 1. 0. 1. 0. 1. 1. 0. 1. 0. 1. 1. 1. 0.
 1. 0. 0. 1. 1. 1. 1. 1. 1. 1. 0. 1. 0. 1. 1. 0. 1. 0. 1. 1. 0. 0. 1. 1.
 1. 1. 0. 1. 1. 1. 0. 0. 1. 1. 1. 0. 1. 1. 1. 0. 0. 1. 1. 0. 0. 0. 0. 1.
 1. 0. 1. 1. 1. 0. 0. 0. 0. 0. 0. 0. 0. 0. 0. 0. 0. 1. 1. 1. 1. 1. 0. 1.
 0. 0. 1. 1. 1. 0. 1. 0.]",-9.997404277354782,COMPLETE
